<?xml version="1.0" encoding="UTF-8"?>

<databaseChangeLog
    xmlns="http://www.liquibase.org/xml/ns/dbchangelog"
    xmlns:xsi="http://www.w3.org/2001/XMLSchema-instance"
    xmlns:ext="http://www.liquibase.org/xml/ns/dbchangelog-ext"
    xsi:schemaLocation="http://www.liquibase.org/xml/ns/dbchangelog http://www.liquibase.org/xml/ns/dbchangelog/dbchangelog-3.1.xsd
        http://www.liquibase.org/xml/ns/dbchangelog-ext http://www.liquibase.org/xml/ns/dbchangelog/dbchangelog-ext.xsd">




    <property name="boolean.type" value="boolean" dbms="derby, postgresql, hypersql, hsqldb"/>
    <property name="boolean.type" value="bit" dbms="mysql"/>
    <property name="boolean.type" value="numeric(1)" dbms="oracle"/>

    <property name="blob.type" value="blob" dbms="oracle, derby, hypersql, hsqldb"/>
    <property name="blob.type" value="bytea" dbms="postgresql"/>
    <property name="blob.type" value="mediumblob" dbms="mysql"/>

    
    <changeSet author="Chromis POS" id="Create Applications Table">
        <preConditions onFail="MARK_RAN">
            <not>
                <tableExists tableName="APPLICATIONS"/>
            </not>
        </preConditions>

        <createTable tableName="APPLICATIONS">
            <column name="ID" type="varchar(255)">
                <constraints primaryKey="true" nullable="false"/>
            </column>
            <column name="NAME" type="varchar(255)">
                <constraints nullable="false"/>
            </column>
            <column name="VERSION" type="varchar(255)">
                <constraints nullable="false"/>
            </column>
        </createTable>
        
        <insert tableName="APPLICATIONS">
            <column name="ID" value="chromispos"/>
            <column name="NAME" value="Chromis POS"/>
            <column name="VERSION" value="0.30"/>          
        </insert>               
    </changeSet>    
    
    <changeSet author="Chromis POS" id="Create Roles Table" >
        <preConditions onFail="MARK_RAN">
            <not>
                <tableExists tableName="ROLES"/>
            </not>
        </preConditions>

        <createTable tableName="ROLES">
            <column name="ID" type="varchar(255)">
                <constraints primaryKey="true" nullable="false"/>
            </column>
            <column name="NAME" type="varchar(255)">
                <constraints nullable="false"/>
            </column>
            <column name="PERMISSIONS" type="${blob.type}"/>
            <column name="RIGHTSLEVEL" type="int" defaultValueNumeric="4" >
                <constraints nullable="false"/> 
            </column>
        </createTable>
 
        <createIndex tableName="ROLES"
                     indexName="ROLES_NAME_INX"
                     unique="true">
            <column name="NAME" type="varchar(255)"/>
        </createIndex>                                                    
    </changeSet>
            
                  
    <changeSet author="Chromis POS" id="Insert into Roles Table">  
        <preConditions onFail="MARK_RAN">
            <sqlCheck expectedResult="0">SELECT COUNT(1) FROM ROLES</sqlCheck>  
        </preConditions>        
                                          
        <insert tableName="ROLES">
            <column name="ID" value="0"/>
            <column name="NAME" value="Administrator role"/>
            <column name="PERMISSIONS" valueBlobResource="/uk/chromis/pos/templates/Role.Administrator.xml"/>
            <column name="RIGHTSLEVEL" valueNumeric="9" />
        </insert>
        <insert tableName="ROLES">
            <column name="ID" value="1"/>
            <column name="NAME" value="Manager role"/>
            <column name="PERMISSIONS" valueBlobResource="/uk/chromis/pos/templates/Role.Manager.xml"/>
            <column name="RIGHTSLEVEL" valueNumeric="5" />
        </insert>
        <insert tableName="ROLES">
            <column name="ID" value="2"/>
            <column name="NAME" value="Employee role"/>
            <column name="PERMISSIONS" valueBlobResource="/uk/chromis/pos/templates/Role.Employee.xml"/>
            <column name="RIGHTSLEVEL" valueNumeric="3" />
        </insert>
        <insert tableName="ROLES">
            <column name="ID" value="3"/>
            <column name="NAME" value="Guest role"/>
            <column name="PERMISSIONS" valueBlobResource="/uk/chromis/pos/templates/Role.Guest.xml"/>
            <column name="RIGHTSLEVEL" valueNumeric="1" />
        </insert>
    </changeSet>

    <changeSet author="Chromis POS" id="Create People Table">
        <preConditions onFail="MARK_RAN">
            <not>
                <tableExists tableName="PEOPLE"/>
            </not>
        </preConditions>

        <createTable tableName="PEOPLE">
            <column name="ID" type="varchar(255)">
                <constraints 
                    primaryKey="true" nullable="false"/>
            </column>
            <column name="NAME" type="varchar(255)"/>
            <column name="APPPASSWORD" type="varchar(255)"/>
            <column name="CARD" type="varchar(255)"/>
            <column name="ROLE" type="varchar(255)">
                <constraints nullable="false"/>
            </column>
            <column name="VISIBLE" type="${boolean.type}">
                <constraints nullable="false"/>
            </column>
            <column name="IMAGE" type="${blob.type}"/>
        </createTable>

        <addForeignKeyConstraint baseColumnNames="ROLE"
                                 constraintName ="PEOPLE_FK_1"
                                 referencedColumnNames = "ID"
                                 baseTableName="PEOPLE"
                                 referencedTableName="ROLES"/>

        <createIndex tableName="PEOPLE"
                     indexName="PEOPLE_NAME_INX"
                     unique="true">
            <column name="NAME" type="varchar(255)"/>
        </createIndex>
        <createIndex tableName="PEOPLE"
                     indexName="PEOPLE_CARD_INX"
                     unique="false">
            <column name="CARD" type="varchar(255)"/>
        </createIndex>
    </changeSet>

    <changeSet author="Chromis POS" id="Insert into PEOPLE Table" dbms="oracle">
        <preConditions onFail="MARK_RAN">
            <sqlCheck expectedResult="0">SELECT COUNT(1) FROM PEOPLE</sqlCheck>
        </preConditions>

        <insert tableName="PEOPLE">
            <column name="ID" value="0"/>
            <column name="NAME" value="Administrator"/>
            <column name="ROLE" value="0"/>
            <column name="VISIBLE" valueNumeric="1"/>
        </insert>
        <insert tableName="PEOPLE">
            <column name="ID" value="1"/>
            <column name="NAME" value="Manager"/>
            <column name="ROLE" value="1"/>
            <column name="VISIBLE" valueNumeric="1"/>
        </insert>
        <insert tableName="PEOPLE">
            <column name="ID" value="2"/>
            <column name="NAME" value="Employee"/>
            <column name="ROLE" value="2"/>
            <column name="VISIBLE" valueNumeric="1"/>
        </insert>
        <insert tableName="PEOPLE">
            <column name="ID" value="3"/>
            <column name="NAME" value="Guest"/>
            <column name="ROLE" value="3"/>
            <column name="VISIBLE" valueNumeric="1"/>
        </insert>
    </changeSet>

    <changeSet author="Chromis POS" id="Insert into PEOPLE Table" dbms="mysql, derby, postgresql, hypersql, hsqldb">
        <preConditions onFail="MARK_RAN">
            <sqlCheck expectedResult="0">SELECT COUNT(1) FROM PEOPLE</sqlCheck>
        </preConditions>

        <insert tableName="PEOPLE">
            <column name="ID" value="0"/>
            <column name="NAME" value="Administrator"/>
            <column name="ROLE" value="0"/>
            <column name="VISIBLE" value="true"/>
        </insert>
        <insert tableName="PEOPLE">
            <column name="ID" value="1"/>
            <column name="NAME" value="Manager"/>
            <column name="ROLE" value="1"/>
            <column name="VISIBLE" value="true"/>
        </insert>
        <insert tableName="PEOPLE">
            <column name="ID" value="2"/>
            <column name="NAME" value="Employee"/>
            <column name="ROLE" value="2"/>
            <column name="VISIBLE" value="true"/>
        </insert>
        <insert tableName="PEOPLE">
            <column name="ID" value="3"/>
            <column name="NAME" value="Guest"/>
            <column name="ROLE" value="3"/>
            <column name="VISIBLE" value="true"/>
        </insert>
    </changeSet>

    <changeSet author="Chromis POS" id="Create Resources Table">
        <preConditions onFail="MARK_RAN">
            <not>
                <tableExists tableName="RESOURCES"/>
            </not>
        </preConditions>

        <createTable tableName="RESOURCES">
            <column name="ID" type="varchar(255)">
                <constraints primaryKey="true" nullable="false"/>
            </column>
            <column name="NAME" type="varchar(255)">
                <constraints nullable="false"/>
            </column>
            <column name="RESTYPE" type="int">
                <constraints nullable="false"/>
            </column>
            <column name="CONTENT" type="${blob.type}"/>
        </createTable>

        <createIndex tableName="RESOURCES"
                     indexName="RESOURCES_NAME_INX"
                     unique="true">
            <column name="NAME" type="varchar(255)"/>
        </createIndex>
    </changeSet>

    <changeSet author="Chromis POS" id="Insert into RESOURCES Table">
        <preConditions onFail="MARK_RAN">
            <sqlCheck expectedResult="0">SELECT COUNT(1) FROM RESOURCES</sqlCheck>
        </preConditions>

        <insert tableName="RESOURCES">
            <column name="ID" value="0"/>
            <column name="NAME" value="Menu.Root"/>
            <column name="RESTYPE" valueNumeric="0"/>
            <column name="CONTENT" valueBlobResource="/uk/chromis/pos/templates/Menu.Root.txt"/>
        </insert>
        <insert tableName="RESOURCES">
            <column name="ID" value="1"/>
            <column name="NAME" value="coin.2"/>
            <column name="RESTYPE" valueNumeric="1"/>
            <column name="CONTENT" valueBlobResource="/uk/chromis/pos/templates/coin.2.png"/>
        </insert>
        <insert tableName="RESOURCES">
            <column name="ID" value="2"/>
            <column name="NAME" value="coin.1"/>
            <column name="RESTYPE" valueNumeric="1"/>
            <column name="CONTENT" valueBlobResource="/uk/chromis/pos/templates/coin.1.png"/>
        </insert>
        <insert tableName="RESOURCES">
            <column name="ID" value="3"/>
            <column name="NAME" value="coin.50"/>
            <column name="RESTYPE" valueNumeric="1"/>
            <column name="CONTENT" valueBlobResource="/uk/chromis/pos/templates/coin.50.png"/>
        </insert>
        <insert tableName="RESOURCES">
            <column name="ID" value="4"/>
            <column name="NAME" value="coin.20"/>
            <column name="RESTYPE" valueNumeric="1"/>
            <column name="CONTENT" valueBlobResource="/uk/chromis/pos/templates/coin.20.png"/>
        </insert>
        <insert tableName="RESOURCES">
            <column name="ID" value="5"/>
            <column name="NAME" value="coin.10"/>
            <column name="RESTYPE" valueNumeric="1"/>
            <column name="CONTENT" valueBlobResource="/uk/chromis/pos/templates/coin.10.png"/>
        </insert>
        <insert tableName="RESOURCES">
            <column name="ID" value="6"/>
            <column name="NAME" value="coin.05"/>
            <column name="RESTYPE" valueNumeric="1"/>
            <column name="CONTENT" valueBlobResource="/uk/chromis/pos/templates/coin.05.png"/>
        </insert>
        <insert tableName="RESOURCES">
            <column name="ID" value="7"/>
            <column name="NAME" value="coin.02"/>
            <column name="RESTYPE" valueNumeric="1"/>
            <column name="CONTENT" valueBlobResource="/uk/chromis/pos/templates/coin.02.png"/>
        </insert>
        <insert tableName="RESOURCES">
            <column name="ID" value="8"/>
            <column name="NAME" value="coin.01"/>
            <column name="RESTYPE" valueNumeric="1"/>
            <column name="CONTENT" valueBlobResource="/uk/chromis/pos/templates/coin.01.png"/>
        </insert>
        <insert tableName="RESOURCES">
            <column name="ID" value="9"/>
            <column name="NAME" value="img.cash"/>
            <column name="RESTYPE" valueNumeric="1"/>
            <column name="CONTENT" valueBlobResource="/uk/chromis/pos/templates/img.cash.png"/>
        </insert>
        <insert tableName="RESOURCES">
            <column name="ID" value="10"/>
            <column name="NAME" value="img.cashdrawer"/>
            <column name="RESTYPE" valueNumeric="1"/>
            <column name="CONTENT" valueBlobResource="/uk/chromis/pos/templates/img.cashdrawer.png"/>
        </insert>
        <insert tableName="RESOURCES">
            <column name="ID" value="11"/>
            <column name="NAME" value="img.discount"/>
            <column name="RESTYPE" valueNumeric="1"/>
            <column name="CONTENT" valueBlobResource="/uk/chromis/pos/templates/img.discount.png"/>
        </insert>
        <insert tableName="RESOURCES">
            <column name="ID" value="12"/>
            <column name="NAME" value="img.empty"/>
            <column name="RESTYPE" valueNumeric="1"/>
            <column name="CONTENT" valueBlobResource="/uk/chromis/pos/templates/img.empty.png"/>
        </insert>
        <insert tableName="RESOURCES">
            <column name="ID" value="13"/>
            <column name="NAME" value="img.heart"/>
            <column name="RESTYPE" valueNumeric="1"/>
            <column name="CONTENT" valueBlobResource="/uk/chromis/pos/templates/img.heart.png"/>
        </insert>
        <insert tableName="RESOURCES">
            <column name="ID" value="14"/>
            <column name="NAME" value="img.no_photo"/>
            <column name="RESTYPE" valueNumeric="1"/>
            <column name="CONTENT" valueBlobResource="/uk/chromis/pos/templates/img.no_photo.png"/>
        </insert>
        <insert tableName="RESOURCES">
            <column name="ID" value="15"/>
            <column name="NAME" value="img.kit_print"/>
            <column name="RESTYPE" valueNumeric="1"/>
            <column name="CONTENT" valueBlobResource="/uk/chromis/pos/templates/img.kit_print.png"/>
        </insert>
        <insert tableName="RESOURCES">
            <column name="ID" value="16"/>
            <column name="NAME" value="img.refundit"/>
            <column name="RESTYPE" valueNumeric="1"/>
            <column name="CONTENT" valueBlobResource="/uk/chromis/pos/templates/img.refundit.png"/>
        </insert>
        <insert tableName="RESOURCES">
            <column name="ID" value="17"/>
            <column name="NAME" value="img.run_script"/>
            <column name="RESTYPE" valueNumeric="1"/>
            <column name="CONTENT" valueBlobResource="/uk/chromis/pos/templates/img.run_script.png"/>
        </insert>
        <insert tableName="RESOURCES">
            <column name="ID" value="18"/>
            <column name="NAME" value="img.ticket_print"/>
            <column name="RESTYPE" valueNumeric="1"/>
            <column name="CONTENT" valueBlobResource="/uk/chromis/pos/templates/img.ticket_print.png"/>
        </insert>
        <insert tableName="RESOURCES">
            <column name="ID" value="19"/>
            <column name="NAME" value="img.user"/>
            <column name="RESTYPE" valueNumeric="1"/>
            <column name="CONTENT" valueBlobResource="/uk/chromis/pos/templates/img.user.png"/>
        </insert>
        <insert tableName="RESOURCES">
            <column name="ID" value="20"/>
            <column name="NAME" value="note.50"/>
            <column name="RESTYPE" valueNumeric="1"/>
            <column name="CONTENT" valueBlobResource="/uk/chromis/pos/templates/note.50.png"/>
        </insert>
        <insert tableName="RESOURCES">
            <column name="ID" value="21"/>
            <column name="NAME" value="note.20"/>
            <column name="RESTYPE" valueNumeric="1"/>
            <column name="CONTENT" valueBlobResource="/uk/chromis/pos/templates/note.20.png"/>
        </insert>
        <insert tableName="RESOURCES">
            <column name="ID" value="22"/>
            <column name="NAME" value="note.10"/>
            <column name="RESTYPE" valueNumeric="1"/>
            <column name="CONTENT" valueBlobResource="/uk/chromis/pos/templates/note.10.png"/>
        </insert>
        <insert tableName="RESOURCES">
            <column name="ID" value="23"/>
            <column name="NAME" value="note.5"/>
            <column name="RESTYPE" valueNumeric="1"/>
            <column name="CONTENT" valueBlobResource="/uk/chromis/pos/templates/note.5.png"/>
        </insert>
        <insert tableName="RESOURCES">
            <column name="ID" value="24"/>
            <column name="NAME" value="payment.cash"/>
            <column name="RESTYPE" valueNumeric="0"/>
            <column name="CONTENT" valueBlobResource="/uk/chromis/pos/templates/payment.cash.txt"/>
        </insert>
        <insert tableName="RESOURCES">
            <column name="ID" value="25"/>
            <column name="NAME" value="Printer.CloseCash"/>
            <column name="RESTYPE" valueNumeric="0"/>
            <column name="CONTENT" valueBlobResource="/uk/chromis/pos/templates/Printer.CloseCash.xml"/>
        </insert>
        <insert tableName="RESOURCES">
            <column name="ID" value="26"/>
            <column name="NAME" value="Printer.CustomerPaid"/>
            <column name="RESTYPE" valueNumeric="0"/>
            <column name="CONTENT" valueBlobResource="/uk/chromis/pos/templates/Printer.CustomerPaid.xml"/>
        </insert>
        <insert tableName="RESOURCES">
            <column name="ID" value="27"/>
            <column name="NAME" value="Printer.CustomerPaid2"/>
            <column name="RESTYPE" valueNumeric="0"/>
            <column name="CONTENT" valueBlobResource="/uk/chromis/pos/templates/Printer.CustomerPaid2.xml"/>
        </insert>
        <insert tableName="RESOURCES">
            <column name="ID" value="28"/>
            <column name="NAME" value="Printer.FiscalTicket"/>
            <column name="RESTYPE" valueNumeric="0"/>
            <column name="CONTENT" valueBlobResource="/uk/chromis/pos/templates/Printer.FiscalTicket.xml"/>
        </insert>
        <insert tableName="RESOURCES">
            <column name="ID" value="29"/>
            <column name="NAME" value="Printer.Inventory"/>
            <column name="RESTYPE" valueNumeric="0"/>
            <column name="CONTENT" valueBlobResource="/uk/chromis/pos/templates/Printer.Inventory.xml"/>
        </insert>
        <insert tableName="RESOURCES">
            <column name="ID" value="30"/>
            <column name="NAME" value="Printer.OpenDrawer"/>
            <column name="RESTYPE" valueNumeric="0"/>
            <column name="CONTENT" valueBlobResource="/uk/chromis/pos/templates/Printer.OpenDrawer.xml"/>
        </insert>
        <insert tableName="RESOURCES">
            <column name="ID" value="31"/>
            <column name="NAME" value="Printer.PartialCash"/>
            <column name="RESTYPE" valueNumeric="0"/>
            <column name="CONTENT" valueBlobResource="/uk/chromis/pos/templates/Printer.PartialCash.xml"/>
        </insert>
        <insert tableName="RESOURCES">
            <column name="ID" value="32"/>
            <column name="NAME" value="Printer.Product"/>
            <column name="RESTYPE" valueNumeric="0"/>
            <column name="CONTENT" valueBlobResource="/uk/chromis/pos/templates/Printer.Product.xml"/>
        </insert>
        <insert tableName="RESOURCES">
            <column name="ID" value="33"/>
            <column name="NAME" value="Printer.Start"/>
            <column name="RESTYPE" valueNumeric="0"/>
            <column name="CONTENT" valueBlobResource="/uk/chromis/pos/templates/Printer.Start.xml"/>
        </insert>
        <insert tableName="RESOURCES">
            <column name="ID" value="34"/>
            <column name="NAME" value="Printer.Ticket"/>
            <column name="RESTYPE" valueNumeric="0"/>
            <column name="CONTENT" valueBlobResource="/uk/chromis/pos/templates/Printer.Ticket.xml"/>
        </insert>
        <insert tableName="RESOURCES">
            <column name="ID" value="35"/>
            <column name="NAME" value="Printer.Ticket2"/>
            <column name="RESTYPE" valueNumeric="0"/>
            <column name="CONTENT" valueBlobResource="/uk/chromis/pos/templates/Printer.Ticket2.xml"/>
        </insert>
        <insert tableName="RESOURCES">
            <column name="ID" value="36"/>
            <column name="NAME" value="Printer.TicketClose"/>
            <column name="RESTYPE" valueNumeric="0"/>
            <column name="CONTENT" valueBlobResource="/uk/chromis/pos/templates/Printer.TicketClose.xml"/>
        </insert>
        <insert tableName="RESOURCES">
            <column name="ID" value="37"/>
            <column name="NAME" value="Printer.TicketKitchen"/>
            <column name="RESTYPE" valueNumeric="0"/>
            <column name="CONTENT" valueBlobResource="/uk/chromis/pos/templates/Printer.TicketKitchen.xml"/>
        </insert>
        <insert tableName="RESOURCES">
            <column name="ID" value="38"/>
            <column name="NAME" value="Printer.TicketLine"/>
            <column name="RESTYPE" valueNumeric="0"/>
            <column name="CONTENT" valueBlobResource="/uk/chromis/pos/templates/Printer.TicketLine.xml"/>
        </insert>
        <insert tableName="RESOURCES">
            <column name="ID" value="39"/>
            <column name="NAME" value="Printer.TicketNew"/>
            <column name="RESTYPE" valueNumeric="0"/>
            <column name="CONTENT" valueBlobResource="/uk/chromis/pos/templates/Printer.TicketLine.xml"/>
        </insert>
        <insert tableName="RESOURCES">
            <column name="ID" value="40"/>
            <column name="NAME" value="Printer.TicketPreview"/>
            <column name="RESTYPE" valueNumeric="0"/>
            <column name="CONTENT" valueBlobResource="/uk/chromis/pos/templates/Printer.TicketPreview.xml"/>
        </insert>
        <insert tableName="RESOURCES">
            <column name="ID" value="41"/>
            <column name="NAME" value="Printer.TicketTotal"/>
            <column name="RESTYPE" valueNumeric="0"/>
            <column name="CONTENT" valueBlobResource="/uk/chromis/pos/templates/Printer.TicketTotal.xml"/>
        </insert>
        <insert tableName="RESOURCES">
            <column name="ID" value="42"/>
            <column name="NAME" value="Printer.Ticket.Logo"/>
            <column name="RESTYPE" valueNumeric="1"/>
            <column name="CONTENT" valueBlobResource="/uk/chromis/pos/templates/printer.ticket.logo.png"/>
        </insert>
        <insert tableName="RESOURCES">
            <column name="ID" value="43"/>
            <column name="NAME" value="script.AddLineNote"/>
            <column name="RESTYPE" valueNumeric="0"/>
            <column name="CONTENT" valueBlobResource="/uk/chromis/pos/templates/script.AddLineNote.txt"/>
        </insert>
        <insert tableName="RESOURCES">
            <column name="ID" value="44"/>
            <column name="NAME" value="script.Event.Total"/>
            <column name="RESTYPE" valueNumeric="0"/>
            <column name="CONTENT" valueBlobResource="/uk/chromis/pos/templates/script.Event.Total.txt"/>
        </insert>
        <insert tableName="RESOURCES">
            <column name="ID" value="45"/>
            <column name="NAME" value="script.linediscount"/>
            <column name="RESTYPE" valueNumeric="0"/>
            <column name="CONTENT" valueBlobResource="/uk/chromis/pos/templates/script.linediscount.txt"/>
        </insert>
        <insert tableName="RESOURCES">
            <column name="ID" value="46"/>
            <column name="NAME" value="script.ReceiptConsolidate"/>
            <column name="RESTYPE" valueNumeric="0"/>
            <column name="CONTENT" valueBlobResource="/uk/chromis/pos/templates/script.ReceiptConsolidate.txt"/>
        </insert>
        <insert tableName="RESOURCES">
            <column name="ID" value="47"/>
            <column name="NAME" value="script.Refundit"/>
            <column name="RESTYPE" valueNumeric="0"/>
            <column name="CONTENT" valueBlobResource="/uk/chromis/pos/templates/script.Refundit.txt"/>
        </insert>
        <insert tableName="RESOURCES">
            <column name="ID" value="48"/>
            <column name="NAME" value="script.SendOrder"/>
            <column name="RESTYPE" valueNumeric="0"/>
            <column name="CONTENT" valueBlobResource="/uk/chromis/pos/templates/script.SendOrder.txt"/>
        </insert>
        <insert tableName="RESOURCES">
            <column name="ID" value="49"/>
            <column name="NAME" value="script.ServiceCharge"/>
            <column name="RESTYPE" valueNumeric="0"/>
            <column name="CONTENT" valueBlobResource="/uk/chromis/pos/templates/script.ServiceCharge.txt"/>
        </insert>
        <insert tableName="RESOURCES">
            <column name="ID" value="50"/>
            <column name="NAME" value="script.SetPerson"/>
            <column name="RESTYPE" valueNumeric="0"/>
            <column name="CONTENT" valueBlobResource="/uk/chromis/pos/templates/script.SetPerson.txt"/>
        </insert>
        <insert tableName="RESOURCES">
            <column name="ID" value="51"/>
            <column name="NAME" value="script.StockCurrentAdd"/>
            <column name="RESTYPE" valueNumeric="0"/>
            <column name="CONTENT" valueBlobResource="/uk/chromis/pos/templates/script.StockCurrentAdd.txt"/>
        </insert>
        <insert tableName="RESOURCES">
            <column name="ID" value="52"/>
            <column name="NAME" value="script.StockCurrentSet"/>
            <column name="RESTYPE" valueNumeric="0"/>
            <column name="CONTENT" valueBlobResource="/uk/chromis/pos/templates/script.StockCurrentSet.txt"/>
        </insert>
        <insert tableName="RESOURCES">
            <column name="ID" value="53"/>
            <column name="NAME" value="script.totaldiscount"/>
            <column name="RESTYPE" valueNumeric="0"/>
            <column name="CONTENT" valueBlobResource="/uk/chromis/pos/templates/script.totaldiscount.txt"/>
        </insert>
        <insert tableName="RESOURCES">
            <column name="ID" value="54"/>
            <column name="NAME" value="Ticket.Buttons"/>
            <column name="RESTYPE" valueNumeric="0"/>
            <column name="CONTENT" valueBlobResource="/uk/chromis/pos/templates/Ticket.Buttons.xml"/>
        </insert>
        <insert tableName="RESOURCES">
            <column name="ID" value="55"/>
            <column name="NAME" value="Ticket.Close"/>
            <column name="RESTYPE" valueNumeric="0"/>
            <column name="CONTENT" valueBlobResource="/uk/chromis/pos/templates/Ticket.Close.xml"/>
        </insert>
        <insert tableName="RESOURCES">
            <column name="ID" value="56"/>
            <column name="NAME" value="Ticket.Discount"/>
            <column name="RESTYPE" valueNumeric="0"/>
            <column name="CONTENT" valueBlobResource="/uk/chromis/pos/templates/Ticket.Discount.xml"/>
        </insert>
        <insert tableName="RESOURCES">
            <column name="ID" value="57"/>
            <column name="NAME" value="Ticket.Line"/>
            <column name="RESTYPE" valueNumeric="0"/>
            <column name="CONTENT" valueBlobResource="/uk/chromis/pos/templates/Ticket.Line.xml"/>
        </insert>
        <insert tableName="RESOURCES">
            <column name="ID" value="58"/>
            <column name="NAME" value="Ticket.TicketLineTaxesIncluded"/>
            <column name="RESTYPE" valueNumeric="0"/>
            <column name="CONTENT" valueBlobResource="/uk/chromis/pos/templates/Ticket.TicketLineTaxesIncluded.xml"/>
        </insert>
        <insert tableName="RESOURCES">
            <column name="ID" value="59"/>
            <column name="NAME" value="Window.Logo"/>
            <column name="RESTYPE" valueNumeric="1"/>
            <column name="CONTENT" valueBlobResource="/uk/chromis/pos/templates/window.logo.png"/>
        </insert>
        <insert tableName="RESOURCES">
            <column name="ID" value="60"/>
            <column name="NAME" value="Window.Title"/>
            <column name="RESTYPE" valueNumeric="0"/>
            <column name="CONTENT" valueBlobResource="/uk/chromis/pos/templates/Window.Title.txt"/>
        </insert>
        <insert tableName="RESOURCES">
            <column name="ID" value="61"/>
            <column name="NAME" value="Printer.ReprintLastTicket"/>
            <column name="RESTYPE" valueNumeric="0"/>
            <column name="CONTENT" valueBlobResource="/uk/chromis/pos/templates/Printer.ReprintLastTicket.xml"/>
        </insert>
    </changeSet>

    <changeSet author="Chromis POS" id="Create TaxCustCategories Table">
        <preConditions onFail="MARK_RAN">
            <not>
                <tableExists tableName="TAXCUSTCATEGORIES"/>
            </not>
        </preConditions>

        <createTable tableName="TAXCUSTCATEGORIES">
            <column name="ID" type="varchar(255)">
                <constraints primaryKey="true" nullable="false"/>
            </column>
            <column name="NAME" type="varchar(255)">
                <constraints nullable="false"/>
            </column>
        </createTable>

        <createIndex tableName="TAXCUSTCATEGORIES"
                     indexName="TAXCUSTCAT_NAME_INX"
                     unique="true">
            <column name="NAME" type="varchar(255)"/>
        </createIndex>
    </changeSet>

    <changeSet author="Chromis POS" id="Create Customers Table">
        <preConditions onFail="MARK_RAN">
            <not>
                <tableExists tableName="CUSTOMERS"/>
            </not>
        </preConditions>

        <createTable tableName="CUSTOMERS">
            <column name="ID" type="varchar(255)">
                <constraints primaryKey="true" nullable="false"/>
            </column>
            <column name="SEARCHKEY" type="varchar(255)">
                <constraints nullable="false"/>
            </column>
            <column name="TAXID" type="varchar(255)"/>
            <column name="NAME" type="varchar(255)">
                <constraints nullable="false"/>
            </column>
            <column name="TAXCATEGORY" type="varchar(255)"/>
            <column name="CARD" type="varchar(255)"/>
            <column name="MAXDEBT" type="double precision" defaultValueNumeric="0.0">
                <constraints nullable="false"/>
            </column>
            <column name="ADDRESS" type="varchar(255)"/>
            <column name="ADDRESS2" type="varchar(255)"/>
            <column name="POSTAL" type="varchar(255)"/>
            <column name="CITY" type="varchar(255)"/>
            <column name="REGION" type="varchar(255)"/>
            <column name="COUNTRY" type="varchar(255)"/>
            <column name="FIRSTNAME" type="varchar(255)"/>
            <column name="LASTNAME" type="varchar(255)"/>
            <column name="EMAIL" type="varchar(255)"/>
            <column name="PHONE" type="varchar(255)"/>
            <column name="PHONE2" type="varchar(255)"/>
            <column name="FAX" type="varchar(255)"/>
            <column name="NOTES" type="varchar(255)"/>
            <column name="VISIBLE" type="${boolean.type}" defaultValueBoolean="true">
                <constraints nullable="false"/>
            </column>
            <column name="CURDATE" type="timestamp"/>
            <column name="CURDEBT" type="double precision" defaultValueNumeric="0.0"/>
            <column name="IMAGE" type="${blob.type}"/>
        </createTable>

        <addForeignKeyConstraint baseColumnNames="TAXCATEGORY"
                                 constraintName ="CUSTOMERS_TAXCAT"
                                 referencedColumnNames = "ID"
                                 baseTableName="CUSTOMERS"
                                 referencedTableName="TAXCUSTCATEGORIES"/>

        <createIndex tableName="CUSTOMERS"
                     indexName="CUSTOMERS_SKEY_INX"
                     unique="true">
            <column name="SEARCHKEY" type="varchar(255)"/>
        </createIndex>
        <createIndex tableName="CUSTOMERS"
                     indexName="CUSTOMERS_TAXID_INX"
                     unique="false">
            <column name="TAXID" type="varchar(255)"/>
        </createIndex>
        <createIndex tableName="CUSTOMERS"
                     indexName="CUSTOMERS_NAME_INX"
                     unique="false">
            <column name="NAME" type="varchar(255)"/>
        </createIndex>
        <createIndex tableName="CUSTOMERS"
                     indexName="CUSTOMERS_CARD_INX"
                     unique="false">
            <column name="CARD" type="varchar(255)"/>
        </createIndex>
    </changeSet>

    <changeSet author="Chromis POS" id="Create Categories Table">
        <preConditions onFail="MARK_RAN">
            <not>
                <tableExists tableName="CATEGORIES"/>
            </not>
        </preConditions>

        <createTable tableName="CATEGORIES">
            <column name="ID" type="varchar(255)">
                <constraints primaryKey="true" nullable="false"/>
            </column>
            <column name="NAME" type="varchar(255)">
                <constraints nullable="false"/>
            </column>
            <column name="PARENTID" type="varchar(255)"/>
            <column name="TEXTTIP" type="varchar(255)" defaultValue="NULL"/>
            <column name="CATSHOWNAME" type="${boolean.type}" defaultValueBoolean="true">
                <constraints nullable="false"/>
            </column>
            <column name="IMAGE" type="${blob.type}"/>
            <column name="COLOUR" type="varchar(50)"/> 
        </createTable>

        <addForeignKeyConstraint baseColumnNames="PARENTID"
                                 constraintName ="CATEGORIES_FK_1"
                                 referencedColumnNames = "ID"
                                 baseTableName="CATEGORIES"
                                 referencedTableName="CATEGORIES"/>

        <createIndex tableName="CATEGORIES"
                     indexName="CATEGORIES_NAME_INX"
                     unique="true">
            <column name="NAME" type="varchar(255)"/>
        </createIndex>

        <insert tableName="CATEGORIES">
            <column name="ID" value="000"/>
            <column name="NAME" value="Category Standard"/>
        </insert>
        
        <insert tableName="CATEGORIES">
            <column name="ID" value="xxx999"/>
            <column name="NAME" value="***"/>
        </insert>
    </changeSet>

    <changeSet author="Chromis POS" id="Create TaxCATEGORIES Table">
        <preConditions onFail="MARK_RAN">
            <not>
                <tableExists tableName="TAXCATEGORIES"/>
            </not>
        </preConditions>

        <createTable tableName="TAXCATEGORIES">
            <column name="ID" type="varchar(255)">
                <constraints primaryKey="true" nullable="false"/>
            </column>
            <column name="NAME" type="varchar(255)">
                <constraints nullable="false"/>
            </column>
        </createTable>

        <createIndex tableName="TAXCATEGORIES"
                     indexName="TAXCAT_NAME_INX"
                     unique="true">
            <column name="NAME" type="varchar(255)"/>
        </createIndex>

        <insert tableName="TAXCATEGORIES">
            <column name="ID" value="000"/>
            <column name="NAME" value="Tax Exempt"/>
        </insert>
        <insert tableName="TAXCATEGORIES">
            <column name="ID" value="001"/>
            <column name="NAME" value="Tax Standard"/>
        </insert>
    </changeSet>

    <changeSet author="Chromis POS" id="Create Taxes Table">
        <preConditions onFail="MARK_RAN">
            <not>
                <tableExists tableName="TAXES"/>
            </not>
        </preConditions>

        <createTable tableName="TAXES">
            <column name="ID" type="varchar(255)">
                <constraints primaryKey="true" nullable="false"/>
            </column>
            <column name="NAME" type="varchar(255)">
                <constraints nullable="false"/>
            </column>
            <column name="CATEGORY" type="varchar(255)">
                <constraints nullable="false"/>
            </column>
            <column name="CUSTCATEGORY" type="varchar(255)"/>
            <column name="PARENTID" type="varchar(255)"/>
            <column name="RATE" type="double precision" defaultValueNumeric="0.0">
                <constraints nullable="false"/>
            </column>
            <column name="RATECASCADE" type="${boolean.type}" defaultValueBoolean="false">
                <constraints nullable="false"/>
            </column>
            <column name="RATEORDER" type="int"/>
        </createTable>

        <addForeignKeyConstraint baseColumnNames="CATEGORY"
                                 constraintName ="TAXES_CAT_FK"
                                 referencedColumnNames = "ID"
                                 baseTableName="TAXES"
                                 referencedTableName="TAXCATEGORIES"/>

        <addForeignKeyConstraint baseColumnNames="CUSTCATEGORY"
                                 constraintName ="TAXES_CUSTCAT_FK"
                                 referencedColumnNames = "ID"
                                 baseTableName="TAXES"
                                 referencedTableName="TAXCUSTCATEGORIES"/>

        <addForeignKeyConstraint baseColumnNames="PARENTID"
                                 constraintName ="TAXES_TAXES_FK"
                                 referencedColumnNames = "ID"
                                 baseTableName="TAXES"
                                 referencedTableName="TAXES"/>

        <createIndex tableName="TAXES"
                     indexName="TAXES_NAME_INX"
                     unique="true">
            <column name="NAME" type="varchar(255)"/>
        </createIndex>

        <insert tableName="TAXES">
            <column name="ID" value="000"/>
            <column name="NAME" value="Tax Exempt"/>
            <column name="CATEGORY" value="000"/>
            <column name="RATE" valueNumeric="0.0"/>
        </insert>
        <insert tableName="TAXES">
            <column name="ID" value="001"/>
            <column name="NAME" value="Tax Standard"/>
            <column name="CATEGORY" value="001"/>
            <column name="RATE" valueNumeric="0.10"/>
        </insert>
    </changeSet>

    <changeSet author="Chromis POS" id="Create Attribute Table">
        <preConditions onFail="MARK_RAN">
            <not>
                <tableExists tableName="ATTRIBUTE"/>
            </not>
        </preConditions>

        <createTable tableName="ATTRIBUTE">
            <column name="ID" type="varchar(255)">
                <constraints primaryKey="true" nullable="false"/>
            </column>
            <column name="NAME" type="varchar(255)">
                <constraints nullable="false"/>
            </column>
        </createTable>
    </changeSet>

    <changeSet author="Chromis POS" id="Create Attributevalue Table">
        <preConditions onFail="MARK_RAN">
            <not>
                <tableExists tableName="ATTRIBUTEVALUE"/>
            </not>
        </preConditions>

        <createTable tableName="ATTRIBUTEVALUE">
            <column name="ID" type="varchar(255)">
                <constraints primaryKey="true" nullable="false"/>
            </column>
            <column name="ATTRIBUTE_ID" type="varchar(255)">
                <constraints nullable="false"/>
            </column>
            <column name="VALUE" type="varchar(255)"/>
        </createTable>

        <addForeignKeyConstraint baseColumnNames="ATTRIBUTE_ID"
                                 constraintName ="ATTVAL_ATT"
                                 referencedColumnNames = "ID"
                                 baseTableName="ATTRIBUTEVALUE"
                                 onDelete="CASCADE"
                                 referencedTableName="ATTRIBUTE"/>
    </changeSet>

    <changeSet author="Chromis POS" id="Create Attributeset Table">
        <preConditions onFail="MARK_RAN">
            <not>
                <tableExists tableName="ATTRIBUTESET"/>
            </not>
        </preConditions>

        <createTable tableName="ATTRIBUTESET">
            <column name="ID" type="varchar(255)">
                <constraints primaryKey="true" nullable="false"/>
            </column>
            <column name="NAME" type="varchar(255)">
                <constraints nullable="false"/>
            </column>
        </createTable>
    </changeSet>

    <changeSet author="Chromis POS" id="Create Attributeuse Table">
        <preConditions onFail="MARK_RAN">
            <not>
                <tableExists tableName="ATTRIBUTEUSE"/>
            </not>
        </preConditions>

        <createTable tableName="ATTRIBUTEUSE">
            <column name="ID" type="varchar(255)">
                <constraints primaryKey="true" nullable="false"/>
            </column>
            <column name="ATTRIBUTESET_ID" type="varchar(255)">
                <constraints nullable="false"/>
            </column>
            <column name="ATTRIBUTE_ID" type="varchar(255)">
                <constraints nullable="false"/>
            </column>
            <column name="LINENO" type="int"/>
        </createTable>

        <addForeignKeyConstraint baseColumnNames="ATTRIBUTESET_ID"
                                 constraintName ="ATTUSE_SET"
                                 referencedColumnNames = "ID"
                                 baseTableName="ATTRIBUTEUSE"
                                 onDelete="CASCADE"
                                 referencedTableName="ATTRIBUTESET"/>

        <addForeignKeyConstraint baseColumnNames="ATTRIBUTE_ID"
                                 constraintName ="ATTUSE_ATT"
                                 referencedColumnNames = "ID"
                                 baseTableName="ATTRIBUTEUSE"
                                 referencedTableName="ATTRIBUTE"/>

        <createIndex tableName="ATTRIBUTEUSE"
                     indexName="ATTUSE_LINE"
                     unique="true">
            <column name="ATTRIBUTESET_ID" type="varchar(255)"/>
            <column name="LINENO" type="varchar(255)"/>
        </createIndex>
    </changeSet>

    <changeSet author="Chromis POS" id="Create Attributesetinstance Table">
        <preConditions onFail="MARK_RAN">
            <not>
                <tableExists tableName="ATTRIBUTESETINSTANCE"/>
            </not>
        </preConditions>

        <createTable tableName="ATTRIBUTESETINSTANCE">
            <column name="ID" type="varchar(255)">
                <constraints primaryKey="true" nullable="false"/>
            </column>
            <column name="ATTRIBUTESET_ID" type="varchar(255)">
                <constraints nullable="false"/>
            </column>
            <column name="DESCRIPTION" type="varchar(255)"/>
        </createTable>

        <addForeignKeyConstraint baseColumnNames="ATTRIBUTESET_ID"
                                 constraintName ="ATTSETINST_SET"
                                 referencedColumnNames = "ID"
                                 baseTableName="ATTRIBUTESETINSTANCE"
                                 onDelete="CASCADE"
                                 referencedTableName="ATTRIBUTESET"/>
    </changeSet>

    <changeSet author="Chromis POS" id="Create Attributeinstance Table">
        <preConditions onFail="MARK_RAN">
            <not>
                <tableExists tableName="ATTRIBUTEINSTANCE"/>
            </not>
        </preConditions>

        <createTable tableName="ATTRIBUTEINSTANCE">
            <column name="ID" type="varchar(255)">
                <constraints primaryKey="true" nullable="false"/>
            </column>
            <column name="ATTRIBUTESETINSTANCE_ID" type="varchar(255)">
                <constraints nullable="false"/>
            </column>
            <column name="ATTRIBUTE_ID" type="varchar(255)">
                <constraints nullable="false"/>
            </column>
            <column name="VALUE" type="varchar(255)"/>
        </createTable>

        <addForeignKeyConstraint baseColumnNames="ATTRIBUTESETINSTANCE_ID"
                                 constraintName ="ATTINST_SET"
                                 referencedColumnNames = "ID"
                                 baseTableName="ATTRIBUTEINSTANCE"
                                 onDelete="CASCADE"
                                 referencedTableName="ATTRIBUTESETINSTANCE"/>

        <addForeignKeyConstraint baseColumnNames="ATTRIBUTE_ID"
                                 constraintName ="ATTINST_ATT"
                                 referencedColumnNames = "ID"
                                 baseTableName="ATTRIBUTEINSTANCE"
                                 referencedTableName="ATTRIBUTE"/>
    </changeSet>

    <changeSet author="Chromis POS" id="Create Products Table">
        <preConditions onFail="MARK_RAN">
            <not>
                <tableExists tableName="PRODUCTS"/>
            </not>
        </preConditions>

        <createTable tableName="PRODUCTS">
            <column name="ID" type="varchar(255)">
                <constraints primaryKey="true" nullable="false"/>
            </column>
            <column name="REFERENCE" type="varchar(255)">
                <constraints nullable="false"/>
            </column>
            <column name="CODE" type="varchar(255)">
                <constraints nullable="false"/>
            </column>
            <column name="CODETYPE" type="varchar(50)"/>                
            <column name="NAME" type="varchar(255)">
                <constraints nullable="false"/>
            </column>
            <column name="PRICEBUY" type="double precision" defaultValueNumeric="0.0">
                <constraints nullable="false"/>
            </column>
            <column name="PRICESELL" type="double precision" defaultValueNumeric="0.0">
                <constraints nullable="false"/>
            </column>
            <column name="CATEGORY" type="varchar(255)">
                <constraints nullable="false"/>
            </column>
            <column name="TAXCAT" type="varchar(255)">
                <constraints nullable="false"/>
            </column>
            <column name="ATTRIBUTESET_ID" type="varchar(255)"/>
            <column name="STOCKCOST" type="double precision"/>
            <column name="STOCKVOLUME" type="double precision"/>
            <column name="ISCOM" type="${boolean.type}" defaultValueBoolean="false">
                <constraints nullable="false"/>
            </column>
            <column name="ISSCALE" type="${boolean.type}" defaultValueBoolean="false">
                <constraints nullable="false"/>
            </column>
            <column name="ISKITCHEN" type="${boolean.type}" defaultValueBoolean="false">
                <constraints nullable="false"/>
            </column>
            <column name="PRINTKB" type="${boolean.type}" defaultValueBoolean="false">
                <constraints nullable="false"/>
            </column>
            <column name="SENDSTATUS" type="${boolean.type}" defaultValueBoolean="false">
                <constraints nullable="false"/>
            </column>
            <column name="ISSERVICE" type="${boolean.type}" defaultValueBoolean="false">
                <constraints nullable="false"/>
            </column>
            <column name="DISPLAY" type="varchar(255)"/>
            <column name="ATTRIBUTES" type="${blob.type}"/>
            <column name="ISVPRICE" type="${boolean.type}" defaultValueBoolean="false">
                <constraints nullable="false"/>
            </column>
            <column name="ISVERPATRIB" type="${boolean.type}" defaultValueBoolean="false">
                <constraints nullable="false"/>
            </column>
            <column name="TEXTTIP" type="varchar(255)"/>
            <column name="WARRANTY" type="${boolean.type}" defaultValueBoolean="false">
                <constraints nullable="false"/>
            </column>
            <column name="IMAGE" type="${blob.type}"/>
            <column name="STOCKUNITS" type="double precision" defaultValueNumeric="0.0">
                <constraints nullable="false"/>
            </column>
            <column name="ALIAS" type="varchar(50)"/>  
            <column name="ALWAYSAVAILABLE" type="${boolean.type}" defaultValueBoolean="false" >
                <constraints nullable="false"/>  
            </column> 
            <column name="DISCOUNTED" type="varchar(5)" defaultValue="no"></column>  
            <column name="CANDISCOUNT" type="${boolean.type}" defaultValueBoolean="true" >
                <constraints nullable="false"/>  
            </column>                   
        </createTable>

        <addForeignKeyConstraint baseColumnNames="CATEGORY"
                                 constraintName ="PRODUCTS_FK_1"
                                 referencedColumnNames = "ID"
                                 baseTableName="PRODUCTS"
                                 referencedTableName="CATEGORIES"/>

        <addForeignKeyConstraint baseColumnNames="TAXCAT"
                                 constraintName ="PRODUCTS_TAXCAT_FK"
                                 referencedColumnNames = "ID"
                                 baseTableName="PRODUCTS"
                                 referencedTableName="TAXCATEGORIES"/>

        <addForeignKeyConstraint baseColumnNames="ATTRIBUTESET_ID"
                                 constraintName ="PRODUCTS_ATTRSET_FK"
                                 referencedColumnNames = "ID"
                                 baseTableName="PRODUCTS"
                                 referencedTableName="ATTRIBUTESET"/>

        <createIndex tableName="PRODUCTS"
                     indexName="PRODUCTS_INX_0"
                     unique="true">
            <column name="REFERENCE" type="varchar(255)"/>
        </createIndex>

        <createIndex tableName="PRODUCTS"
                     indexName="PRODUCTS_INX_1"
                     unique="true">
            <column name="CODE" type="varchar(255)"/>
        </createIndex>

        <createIndex tableName="PRODUCTS"
                     indexName="PRODUCTS_NAME_INX"
                     unique="true">
            <column name="NAME" type="varchar(255)"/>
        </createIndex>
    </changeSet>

    <changeSet author="Chromis POS" id="Insert default product m" dbms="oracle">        
        <insert tableName="PRODUCTS">
            <column name="ID" value="xxx999_999xxx_x9x9x9"/>
            <column name="REFERENCE" value="xxx999"/>
            <column name="CODE" value="xxx999"/>
            <column name="NAME" value="***"/>
            <column name="CATEGORY" value="000"/>
            <column name="TAXCAT" value="001"/>
            <column name="ISSERVICE" valueNumeric="1"/>
            <column name="PRICEBUY" valueNumeric="0.0"/>
            <column name="PRICESELL" valueNumeric="0.0"/>
        </insert>           
    </changeSet>            

    <changeSet author="Chromis POS" id="Insert default product" dbms="mysql, derby, postgresql, hypersql, hsqldb">        
        <insert tableName="PRODUCTS">
            <column name="ID" value="xxx999_999xxx_x9x9x9"/>
            <column name="REFERENCE" value="xxx999"/>
            <column name="CODE" value="xxx999"/>
            <column name="NAME" value="***"/>
            <column name="CATEGORY" value="000"/>
            <column name="TAXCAT" value="001"/>
            <column name="ISSERVICE" valueBoolean="true"/>
            <column name="PRICEBUY" valueNumeric="0.0"/>
            <column name="PRICESELL" valueNumeric="0.0"/>
        </insert>          
    </changeSet>


    <changeSet author="Chromis POS" id="Create Products_cat Table">
        <preConditions onFail="MARK_RAN">
            <not>
                <tableExists tableName="PRODUCTS_CAT"/>
            </not>
        </preConditions>

        <createTable tableName="PRODUCTS_CAT">
            <column name="PRODUCT" type="varchar(255)">
                <constraints primaryKey="true" nullable="false"/>
            </column>
            <column name="CATORDER" type="integer"/>
        </createTable>



        <addForeignKeyConstraint baseColumnNames="PRODUCT"
                                 constraintName ="PRODUCTS_CAT_FK_1"
                                 referencedColumnNames = "ID"
                                 baseTableName="PRODUCTS_CAT"
                                 referencedTableName="PRODUCTS"/>

        <createIndex tableName="PRODUCTS_CAT"
                     indexName="PRODUCTS_CAT_INX_1">
            <column name="CATORDER"/>
        </createIndex>


        <insert tableName="PRODUCTS_CAT">
            <column name="PRODUCT" value="xxx999_999xxx_x9x9x9"/>
        </insert>
    </changeSet>

    <changeSet author="Chromis POS" id="Create Products_com Table">
        <preConditions onFail="MARK_RAN">
            <not>
                <tableExists tableName="PRODUCTS_COM"/>
            </not>
        </preConditions>

        <createTable tableName="PRODUCTS_COM">
            <column name="ID" type="varchar(255)">
                <constraints primaryKey="true" nullable="false"/>
            </column>
            <column name="PRODUCT" type="varchar(255)">
                <constraints primaryKey="true" nullable="false"/>
            </column>
            <column name="PRODUCT2" type="varchar(255)">
                <constraints primaryKey="true" nullable="false"/>
            </column>
        </createTable>

        <addForeignKeyConstraint baseColumnNames="PRODUCT"
                                 constraintName ="PRODUCTS_COM_FK_1"
                                 referencedColumnNames = "ID"
                                 baseTableName="PRODUCTS_COM"
                                 referencedTableName="PRODUCTS"/>

        <addForeignKeyConstraint baseColumnNames="PRODUCT2"
                                 constraintName ="PRODUCTS_COM_FK_2"
                                 referencedColumnNames = "ID"
                                 baseTableName="PRODUCTS_COM"
                                 referencedTableName="PRODUCTS"/>

        <createIndex tableName="PRODUCTS_COM"
                     indexName="PCOM_INX_PROD"
                     unique="true">
            <column name="PRODUCT" type="varchar(255)"/>
            <column name="PRODUCT2" type="varchar(255)"/>
        </createIndex>
    </changeSet>


    <changeSet author="Chromis POS" id="Create Locations Table">
        <preConditions onFail="MARK_RAN">
            <not>
                <tableExists tableName="LOCATIONS"/>
            </not>
        </preConditions>

        <createTable tableName="LOCATIONS">
            <column name="ID" type="varchar(255)">
                <constraints primaryKey="true" nullable="false"/>
            </column>
            <column name="NAME" type="varchar(255)">
                <constraints nullable="false"/>
            </column>
            <column name="ADDRESS" type="varchar(255)"/>
        </createTable>

        <createIndex tableName="LOCATIONS"
                     indexName="LOCATIONS_NAME_INX"
                     unique="true">
            <column name="NAME" type="varchar(255)"/>
        </createIndex>

        <insert tableName="LOCATIONS">
            <column name="ID" value="0"/>
            <column name="NAME" value="General"/>
        </insert>
    </changeSet>

    <changeSet author="Chromis POS" id="Create Stock diary Table">
        <preConditions onFail="MARK_RAN">
            <not>
                <tableExists tableName="STOCKDIARY"/>
            </not>
        </preConditions>

        <createTable tableName="STOCKDIARY">
            <column name="ID" type="varchar(255)">
                <constraints primaryKey="true" nullable="false"/>
            </column>
            <column name="DATENEW" type="timestamp">
                <constraints nullable="false"/>
            </column>
            <column name="REASON" type="int">
                <constraints nullable="false"/>
            </column>
            <column name="LOCATION" type="varchar(255)">
                <constraints nullable="false"/>
            </column>
            <column name="PRODUCT" type="varchar(255)">
                <constraints nullable="false"/>
            </column>
            <column name="ATTRIBUTESETINSTANCE_ID" type="varchar(255)"/>
            <column name="UNITS" type="double precision">
                <constraints nullable="false"/>
            </column>
            <column name="PRICE" type="double precision">
                <constraints nullable="false"/>
            </column>
            <column name="APPUSER" type="varchar(255)"/>
        </createTable>

        <addForeignKeyConstraint baseColumnNames="PRODUCT"
                                 constraintName ="STOCKDIARY_FK_1"
                                 referencedColumnNames = "ID"
                                 baseTableName="STOCKDIARY"
                                 referencedTableName="PRODUCTS"/>

        <addForeignKeyConstraint baseColumnNames="ATTRIBUTESETINSTANCE_ID"
                                 constraintName ="STOCKDIARY_ATTSETINST"
                                 referencedColumnNames = "ID"
                                 baseTableName="STOCKDIARY"
                                 referencedTableName="ATTRIBUTESETINSTANCE"/>

        <addForeignKeyConstraint baseColumnNames="LOCATION"
                                 constraintName ="STOCKDIARY_FK_2"
                                 referencedColumnNames = "ID"
                                 baseTableName="STOCKDIARY"
                                 referencedTableName="LOCATIONS"/>

        <createIndex tableName="STOCKDIARY"
                     indexName="STOCKDIARY_INX_1">
            <column name="DATENEW" type="timestamp"/>
        </createIndex>
    </changeSet>

    <changeSet author="Chromis POS" id="Create Stock level Table">
        <preConditions onFail="MARK_RAN">
            <not>
                <tableExists tableName="STOCKLEVEL"/>
            </not>
        </preConditions>

        <createTable tableName="STOCKLEVEL">
            <column name="ID" type="varchar(255)">
                <constraints primaryKey="true" nullable="false"/>
            </column>
            <column name="LOCATION" type="varchar(255)">
                <constraints nullable="false"/>
            </column>
            <column name="PRODUCT" type="varchar(255)">
                <constraints nullable="false"/>
            </column>
            <column name="STOCKSECURITY" type="double precision">
                <constraints nullable="false"/>
            </column>
            <column name="STOCKMAXIMUM" type="double precision">
                <constraints nullable="false"/>
            </column>
        </createTable>

        <addForeignKeyConstraint baseColumnNames="PRODUCT"
                                 constraintName ="STOCKLEVEL_PRODUCT"
                                 referencedColumnNames = "ID"
                                 baseTableName="STOCKLEVEL"
                                 referencedTableName="PRODUCTS"/>

        <addForeignKeyConstraint baseColumnNames="LOCATION"
                                 constraintName ="STOCKLEVEL_LOCATION"
                                 referencedColumnNames = "ID"
                                 baseTableName="STOCKLEVEL"
                                 referencedTableName="LOCATIONS"/>
    </changeSet>

    <changeSet author="Chromis POS" id="Create Stock current Table">
        <preConditions onFail="MARK_RAN">
            <not>
                <tableExists tableName="STOCKCURRENT"/>
            </not>
        </preConditions>

        <createTable tableName="STOCKCURRENT">
            <column name="LOCATION" type="varchar(255)">
                <constraints nullable="false"/>
            </column>
            <column name="PRODUCT" type="varchar(255)">
                <constraints nullable="false"/>
            </column>
            <column name="ATTRIBUTESETINSTANCE_ID" type="varchar(255)"/>
            <column name="UNITS" type="double precision" defaultValueNumeric="0.0">
                <constraints nullable="false"/>
            </column>
        </createTable>

        <addForeignKeyConstraint baseColumnNames="PRODUCT"
                                 constraintName ="STOCKCURRENT_FK_1"
                                 referencedColumnNames = "ID"
                                 baseTableName="STOCKCURRENT"
                                 referencedTableName="PRODUCTS"/>

        <addForeignKeyConstraint baseColumnNames="ATTRIBUTESETINSTANCE_ID"
                                 constraintName ="STOCKCURRENT_ATTSETINST"
                                 referencedColumnNames = "ID"
                                 baseTableName="STOCKCURRENT"
                                 referencedTableName="ATTRIBUTESETINSTANCE"/>

        <addForeignKeyConstraint baseColumnNames="LOCATION"
                                 constraintName ="STOCKCURRENT_FK_2"
                                 referencedColumnNames = "ID"
                                 baseTableName="STOCKCURRENT"
                                 referencedTableName="LOCATIONS"/>

        <createIndex tableName="STOCKCURRENT"
                     indexName="STOCKCURRENT_INX"
                     unique="true">
            <column name="LOCATION" type="varchar(255)"/>
            <column name="PRODUCT" type="varchar(255)"/>
            <column name="ATTRIBUTESETINSTANCE_ID" type="varchar(255)"/>
        </createIndex>
    </changeSet>

    <changeSet author="Chromis POS" id="Create Closedcash Table">
        <preConditions onFail="MARK_RAN">
            <not>
                <tableExists tableName="CLOSEDCASH"/>
            </not>
        </preConditions>

        <createTable tableName="CLOSEDCASH">
            <column name="MONEY" type="varchar(255)">
                <constraints primaryKey="true" nullable="false"/>
            </column>
            <column name="HOST" type="varchar(255)">
                <constraints nullable="false"/>
            </column>
            <column name="HOSTSEQUENCE" type="int">
                <constraints nullable="false"/>
            </column>
            <column name="DATESTART" type="timestamp">
                <constraints nullable="false"/>
            </column>
            <column name="DATEEND" type="timestamp"/>
            <column name="NOSALES" type="int" defaultValue="0">
                <constraints nullable="false"/>
            </column>
        </createTable>

        <createIndex tableName="CLOSEDCASH"
                     indexName="CLOSEDCASH_INX_1">
            <column name="DATESTART" type="timestamp"/>
        </createIndex>

        <createIndex tableName="CLOSEDCASH"
                     indexName="CLOSEDCASH_INX_SEQ"
                     unique="true">
            <column name="HOST" type="varchar(255)"/>
            <column name="HOSTSEQUENCE" type="int"/>
        </createIndex>
    </changeSet>

    <changeSet author="Chromis POS" id="Create Receipts Table">
        <preConditions onFail="MARK_RAN">
            <not>
                <tableExists tableName="RECEIPTS"/>
            </not>
        </preConditions>

        <createTable tableName="RECEIPTS">
            <column name="ID" type="varchar(255)">
                <constraints primaryKey="true" nullable="false"/>
            </column>
            <column name="MONEY" type="varchar(255)">
                <constraints nullable="false"/>
            </column>
            <column name="DATENEW" type="timestamp">
                <constraints nullable="false"/>
            </column>
            <column name="PERSON" type="varchar(255)"/>
            <column name="ATTRIBUTES" type="${blob.type}"/>
        </createTable>

        <addForeignKeyConstraint baseColumnNames="MONEY"
                                 constraintName ="RECEIPTS_FK_MONEY"
                                 referencedColumnNames = "MONEY"
                                 baseTableName="RECEIPTS"
                                 referencedTableName="CLOSEDCASH"/>

        <createIndex tableName="RECEIPTS"
                     indexName="RECEIPTS_INX_1">
            <column name="DATENEW" type="timestamp"/>
        </createIndex>
    </changeSet>


    <changeSet author="Chromis POS" id="Create TICKETS Table">
        <preConditions onFail="MARK_RAN">
            <not>
                <tableExists tableName="TICKETS"/>
            </not>
        </preConditions>

        <createTable tableName="TICKETS">
            <column name="ID" type="varchar(255)">
                <constraints primaryKey="true" nullable="false"/>
            </column>
            <column name="TICKETTYPE" type="int" >
                <constraints nullable="false"/>
            </column>
            <column name="TICKETID" type="int">
                <constraints nullable="false"/>
            </column>
            <column name="PERSON" type="varchar(255)">
                <constraints nullable="false"/>
            </column>
            <column name="CUSTOMER" type="varchar(255)"/>
            <column name="STATUS" type="int" defaultValue="0" >
                <constraints nullable="false"/>
            </column>
        </createTable>

        <addForeignKeyConstraint baseColumnNames="ID"
                                 constraintName ="TICKETS_FK_ID"
                                 referencedColumnNames = "ID"
                                 baseTableName="TICKETS"
                                 referencedTableName="RECEIPTS"/>

        <addForeignKeyConstraint baseColumnNames="PERSON"
                                 constraintName ="TICKETS_FK_2"
                                 referencedColumnNames = "ID"
                                 baseTableName="TICKETS"
                                 referencedTableName="PEOPLE"/>

        <addForeignKeyConstraint baseColumnNames="CUSTOMER"
                                 constraintName ="TICKETS_CUSTOMERS_FK"
                                 referencedColumnNames = "ID"
                                 baseTableName="TICKETS"
                                 referencedTableName="CUSTOMERS"/>

        <createIndex tableName="TICKETS"
                     indexName="TICKETS_TICKETID">
            <column name="TICKETTYPE" type="int"/>
            <column name="TICKETID" type="int"/>
        </createIndex>
    </changeSet>

    <changeSet author="Chromis POS" id="Create TICKETLINES Table">
        <preConditions onFail="MARK_RAN">
            <not>
                <tableExists tableName="TICKETLINES"/>
            </not>
        </preConditions>

        <createTable tableName="TICKETLINES">
            <column name="TICKET" type="varchar(255)">
                <constraints nullable="false"/>
            </column>
            <column name="LINE" type="int">
                <constraints nullable="false"/>
            </column>
            <column name="PRODUCT" type="varchar(255)"/>
            <column name="ATTRIBUTESETINSTANCE_ID" type="varchar(255)"/>
            <column name="UNITS" type="double precision">
                <constraints nullable="false"/>
            </column>
            <column name="PRICE" type="double precision">
                <constraints nullable="false"/>
            </column>
            <column name="TAXID" type="varchar(255)">
                <constraints nullable="false"/>
            </column>
            <column name="ATTRIBUTES" type="${blob.type}"/>
        </createTable>
    </changeSet>

    <changeSet author="Chromis POS" id="Create Lineremoved Table">
        <preConditions onFail="MARK_RAN">
            <not>
                <tableExists tableName="LINEREMOVED"/>
            </not>
        </preConditions>

        <createTable tableName="LINEREMOVED">
            <column name="REMOVEDDATE" type="timestamp" defaultValueDate="CURRENT_TIMESTAMP">
                <constraints  nullable="false"/>
            </column>
            <column name="NAME" type="varchar(255)"/>
            <column name="TICKETID" type="varchar(255)"/>
            <column name="PRODUCTID" type="varchar(255)"/>
            <column name="PRODUCTname" type="varchar(255)"/>
            <column name="UNITS" type="double precision">
                <constraints nullable="false"/>
            </column>
        </createTable>
    </changeSet>

    <changeSet author="Chromis POS" id="Create PAYMENTS Table">
        <preConditions onFail="MARK_RAN">
            <not>
                <tableExists tableName="PAYMENTS"/>
            </not>
        </preConditions>

        <createTable tableName="PAYMENTS">
            <column name="ID" type="varchar(255)">
                <constraints primaryKey="true" nullable="false"/>
            </column>
            <column name="RECEIPT" type="varchar(255)">
                <constraints nullable="false"/>
            </column>
            <column name="PAYMENT" type="varchar(255)">
                <constraints nullable="false"/>
            </column>
            <column name="TOTAL" type="double precision">
                <constraints nullable="false"/>
            </column>
            <column name="TRANSID" type="varchar(255)"/>
            <column name="NOTES" type="varchar(255)"/>
            <column name="TENDERED" type="double precision" defaultValueNumeric="0.0">
                <constraints nullable="false"/>
            </column>
            <column name="CARDNAME" type="varchar(255)"/>
            <column name="RETURNMSG" type="${blob.type}"/>
        </createTable>

        <addForeignKeyConstraint baseColumnNames="RECEIPT"
                                 constraintName ="PAYMENTS_FK_RECEIPT"
                                 referencedColumnNames = "ID"
                                 baseTableName="PAYMENTS"
                                 referencedTableName="RECEIPTS"/>

        <createIndex tableName="PAYMENTS"
                     indexName="PAYMENTS_INX">
            <column name="PAYMENT" type="varchar(255)"/>
        </createIndex>
    </changeSet>

    <changeSet author="Chromis POS" id="Create TAXLINES Table">
        <preConditions onFail="MARK_RAN">
            <not>
                <tableExists tableName="TAXLINES"/>
            </not>
        </preConditions>

        <createTable tableName="TAXLINES">
            <column name="ID" type="varchar(255)">
                <constraints primaryKey="true" nullable="false"/>
            </column>
            <column name="RECEIPT" type="varchar(255)">
                <constraints nullable="false"/>
            </column>
            <column name="TAXID" type="varchar(255)">
                <constraints nullable="false"/>
            </column>
            <column name="BASE" type="double precision" defaultValueNumeric="0.0">
                <constraints nullable="false"/>
            </column>
            <column name="AMOUNT" type="double precision" defaultValueNumeric="0.0">
                <constraints nullable="false"/>
            </column>
        </createTable>

        <addForeignKeyConstraint baseColumnNames="TAXID"
                                 constraintName ="TAXLINES_TAX"
                                 referencedColumnNames = "ID"
                                 baseTableName="TAXLINES"
                                 referencedTableName="TAXES"/>

        <addForeignKeyConstraint baseColumnNames="RECEIPT"
                                 constraintName ="TAXLINES_RECEIPT"
                                 referencedColumnNames = "ID"
                                 baseTableName="TAXLINES"
                                 referencedTableName="RECEIPTS"/>
    </changeSet>
    
    <changeSet author="Chromis POS" id="Create Floors Table">
        <preConditions onFail="MARK_RAN">
            <not>
                <tableExists tableName="FLOORS"/>
            </not>
        </preConditions>

        <createTable tableName="FLOORS">
            <column name="ID" type="varchar(255)">
                <constraints primaryKey="true" nullable="false"/>
            </column>
            <column name="NAME" type="varchar(255)">
                <constraints nullable="false"/>
            </column>
            <column name="IMAGE" type="${blob.type}"/>
        </createTable>

        <createIndex tableName="FLOORS"
                     indexName="FLOORS_NAME_INX"
                     unique="true">
            <column name="NAME" type="varchar(255)"/>
        </createIndex>

        <insert tableName="FLOORS">
            <column name="ID" value="0"/>
            <column name="NAME" value="Restaurant floor"/>
            <column name="IMAGE" valueBlobResource="/uk/chromis/pos/templates/restaurant_floor.png"/>
        </insert>
    </changeSet>
    
    <changeSet author="Chromis POS" id="Create Places Table">
        <preConditions onFail="MARK_RAN">
            <not>
                <tableExists tableName="PLACES"/>
            </not>
        </preConditions>

        <createTable tableName="PLACES">
            <column name="ID" type="varchar(255)">
                <constraints primaryKey="true" nullable="false"/>
            </column>
            <column name="NAME" type="varchar(255)">
                <constraints nullable="false"/>
            </column>
            <column name="X" type="int">
                <constraints nullable="false"/>
            </column>
            <column name="Y" type="int">
                <constraints nullable="false"/>
            </column>
            <column name="FLOOR" type="varchar(255)">
                <constraints nullable="false"/>
            </column>
            <column name="CUSTOMER" type="varchar(255)"/>
            <column name="WAITER" type="varchar(255)"/>
            <column name="TICKETID" type="varchar(255)"/>
            <column name="TABLEMOVED" type="${boolean.type}" defaultValueBoolean="false">
                <constraints nullable="false"/>
            </column>
        </createTable>

        <addForeignKeyConstraint baseColumnNames="FLOOR"
                                 constraintName ="PLACES_FK_1"
                                 referencedColumnNames = "ID"
                                 baseTableName="PLACES"
                                 referencedTableName="FLOORS"/>

        <createIndex tableName="PLACES"
                     indexName="PLACES_NAME_INX"
                     unique="true">
            <column name="NAME" type="varchar(255)"/>
        </createIndex>

        <insert tableName="PLACES">
            <column name="ID" value="1"/>
            <column name="NAME" value="Table 1"/>
            <column name="X" valueNumeric="80"/>
            <column name="Y" valueNumeric="70"/>
            <column name="FLOOR" value="0"/>
        </insert>

        <insert tableName="PLACES">
            <column name="ID" value="2"/>
            <column name="NAME" value="Table 2"/>
            <column name="X" valueNumeric="250"/>
            <column name="Y" valueNumeric="75"/>
            <column name="FLOOR" value="0"/>
        </insert>

        <insert tableName="PLACES">
            <column name="ID" value="3"/>
            <column name="NAME" value="Table 3"/>
            <column name="X" valueNumeric="400"/>
            <column name="Y" valueNumeric="75"/>
            <column name="FLOOR" value="0"/>
        </insert>

        <insert tableName="PLACES">
            <column name="ID" value="4"/>
            <column name="NAME" value="Table 4"/>
            <column name="X" valueNumeric="80"/>
            <column name="Y" valueNumeric="200"/>
            <column name="FLOOR" value="0"/>
        </insert>

        <insert tableName="PLACES">
            <column name="ID" value="5"/>
            <column name="NAME" value="Table 5"/>
            <column name="X" valueNumeric="260"/>
            <column name="Y" valueNumeric="210"/>
            <column name="FLOOR" value="0"/>
        </insert>

        <insert tableName="PLACES">
            <column name="ID" value="6"/>
            <column name="NAME" value="Table 6"/>
            <column name="X" valueNumeric="430"/>
            <column name="Y" valueNumeric="210"/>
            <column name="FLOOR" value="0"/>
        </insert>

        <insert tableName="PLACES">
            <column name="ID" value="7"/>
            <column name="NAME" value="Table 7"/>
            <column name="X" valueNumeric="80"/>
            <column name="Y" valueNumeric="330"/>
            <column name="FLOOR" value="0"/>
        </insert>

        <insert tableName="PLACES">
            <column name="ID" value="8"/>
            <column name="NAME" value="Table 8"/>
            <column name="X" valueNumeric="190"/>
            <column name="Y" valueNumeric="350"/>
            <column name="FLOOR" value="0"/>
        </insert>

        <insert tableName="PLACES">
            <column name="ID" value="9"/>
            <column name="NAME" value="Table 9"/>
            <column name="X" valueNumeric="295"/>
            <column name="Y" valueNumeric="350"/>
            <column name="FLOOR" value="0"/>
        </insert>

        <insert tableName="PLACES">
            <column name="ID" value="10"/>
            <column name="NAME" value="Table 10"/>
            <column name="X" valueNumeric="430"/>
            <column name="Y" valueNumeric="345"/>
            <column name="FLOOR" value="0"/>
        </insert>

        <insert tableName="PLACES">
            <column name="ID" value="11"/>
            <column name="NAME" value="Table 11"/>
            <column name="X" valueNumeric="550"/>
            <column name="Y" valueNumeric="135"/>
            <column name="FLOOR" value="0"/>
        </insert>

        <insert tableName="PLACES">
            <column name="ID" value="12"/>
            <column name="NAME" value="Table 12"/>
            <column name="X" valueNumeric="550"/>
            <column name="Y" valueNumeric="290"/>
            <column name="FLOOR" value="0"/>
        </insert>
    </changeSet>
    
    <changeSet author="Chromis POS" id="Create reservations Table">
        <preConditions onFail="MARK_RAN">
            <not>
                <tableExists tableName="RESERVATIONS"/>
            </not>
        </preConditions>

        <createTable tableName="RESERVATIONS">
            <column name="ID" type="varchar(255)">
                <constraints primaryKey="true" nullable="false"/>
            </column>
            <column name="CREATED" type="timestamp">
                <constraints nullable="false"/>
            </column>
            <column name="DATENEW" type="timestamp" defaultValueDate="2013-01-01 00:00:00">
                <constraints nullable="false"/>
            </column>
            <column name="TITLE" type="varchar(255)">
                <constraints nullable="false"/>
            </column>
            <column name="CHAIRS" type="int">
                <constraints nullable="false"/>
            </column>
            <column name="ISDONE" type="${boolean.type}">
                <constraints nullable="false"/>
            </column>
            <column name="DESCRIPTION" type="varchar(255)"/>
        </createTable>

        <createIndex tableName="RESERVATIONS"
                     indexName="RESERVATIONS_INX_1"
                     unique="true">
            <column name="DATENEW" type="timestamp"/>
        </createIndex>
    </changeSet>

    <changeSet author="Chromis POS" id="Create reservation_CUSTOMERS Table">
        <preConditions onFail="MARK_RAN">
            <not>
                <tableExists tableName="RESERVATION_CUSTOMERS"/>
            </not>
        </preConditions>

        <createTable tableName="RESERVATION_CUSTOMERS">
            <column name="ID" type="varchar(255)">
                <constraints primaryKey="true" nullable="false"/>
            </column>
            <column name="CUSTOMER" type="varchar(255)">
                <constraints nullable="false"/>
            </column>
        </createTable>

        <addForeignKeyConstraint baseColumnNames="ID"
                                 constraintName ="RES_CUST_FK_1"
                                 referencedColumnNames = "ID"
                                 baseTableName="RESERVATION_CUSTOMERS"
                                 referencedTableName="reservations"/>

        <addForeignKeyConstraint baseColumnNames="CUSTOMER"
                                 constraintName ="RES_CUST_FK_2"
                                 referencedColumnNames = "ID"
                                 baseTableName="RESERVATION_CUSTOMERS"
                                 referencedTableName="CUSTOMERS"/>
    </changeSet>

    <changeSet author="Chromis POS" id="Create THIRDPARTIES Table">
        <preConditions onFail="MARK_RAN">
            <not>
                <tableExists tableName="THIRDPARTIES"/>
            </not>
        </preConditions>

        <createTable tableName="THIRDPARTIES">
            <column name="ID" type="varchar(255)">
                <constraints primaryKey="true" nullable="false"/>
            </column>
            <column name="CIF" type="varchar(255)">
                <constraints nullable="false"/>
            </column>
            <column name="NAME" type="varchar(255)">
                <constraints nullable="false"/>
            </column>
            <column name="ADDRESS" type="varchar(255)"/>
            <column name="CONTACTCOMM" type="varchar(255)"/>
            <column name="CONTACTFACT" type="varchar(255)"/>
            <column name="PAYRULE" type="varchar(255)"/>
            <column name="FAXNUMBER" type="varchar(255)"/>
            <column name="PHONENUMBER" type="varchar(255)"/>
            <column name="MOBILENUMBER" type="varchar(255)"/>
            <column name="EMAIL" type="varchar(255)"/>
            <column name="WEBPAGE" type="varchar(255)"/>
            <column name="NOTES" type="varchar(255)"/>
        </createTable>

        <createIndex tableName="THIRDPARTIES"
                     indexName="THIRDPARTIES_CIF_INX"
                     unique="true">
            <column name="CIF" type="varchar(255)"/>
        </createIndex>

        <createIndex tableName="THIRDPARTIES"
                     indexName="THIRDPARTIES_NAME_INX"
                     unique="true">
            <column name="NAME" type="varchar(255)"/>
        </createIndex>
    </changeSet>
    
    <changeSet author="Chromis POS" id="Create SharedTICKETS Table">
        <preConditions onFail="MARK_RAN">
            <not>
                <tableExists tableName="SHAREDTICKETS"/>
            </not>
        </preConditions>

        <createTable tableName="SHAREDTICKETS">
            <column name="ID" type="varchar(255)">
                <constraints primaryKey="true" nullable="false"/>
            </column>
            <column name="NAME" type="varchar(255)">
                <constraints nullable="false"/>
            </column>
            <column name="CONTENT" type="${blob.type}"/>
            <column name="PICKUPID" type="int" defaultValue="0">
                <constraints nullable="false"/>
            </column>
            <column name="APPUSER" type="varchar(255)"/>
        </createTable>
    </changeSet>

    <changeSet author="Chromis POS" id="SHIFTS Table">
        <preConditions onFail="MARK_RAN">
            <not>
                <tableExists tableName="SHIFTS"/>
            </not>
        </preConditions>

        <createTable tableName="SHIFTS">
            <column name="ID" type="varchar(255)">
                <constraints primaryKey="true" nullable="false"/>
            </column>
            <column name="STARTSHIFT" type="timestamp">
                <constraints nullable="false"/>
            </column>
            <column name="ENDSHIFT" type="timestamp"/>
            <column name="PPLID" type="varchar(255)"/>
        </createTable>

        <sql>INSERT INTO SHIFTS(ID, STARTSHIFT, ENDSHIFT, PPLID) VALUES ('0', '2013-12-02 00:00:00.001', '2013-12-02 00:00:00.002','0')</sql>
    </changeSet>

    <changeSet author="Chromis POS" id="Create LEAVES Table">
        <preConditions onFail="MARK_RAN">
            <not>
                <tableExists tableName="LEAVES"/>
            </not>
        </preConditions>

        <createTable tableName="LEAVES">
            <column name="ID" type="varchar(255)">
                <constraints primaryKey="true" nullable="false"/>
            </column>
            <column name="PPLID" type="varchar(255)">
                <constraints nullable="false"/>
            </column>
            <column name="NAME" type="varchar(255)">
                <constraints nullable="false"/>
            </column>
            <column name="STARTDATE" type="timestamp">
                <constraints nullable="false"/>
            </column>
            <column name="ENDDATE" type="timestamp">
                <constraints nullable="false"/>
            </column>
            <column name="NOTES" type="varchar(255)"/>
        </createTable>

        <addForeignKeyConstraint baseColumnNames="PPLID"
                                 constraintName ="LEAVES_PPLID"
                                 referencedColumnNames = "ID"
                                 baseTableName="LEAVES"
                                 referencedTableName="PEOPLE"/>
    </changeSet>

    <changeSet author="Chromis POS" id="Create BREAKS Table">
        <preConditions onFail="MARK_RAN">
            <not>
                <tableExists tableName="BREAKS"/>
            </not>
        </preConditions>

        <createTable tableName="BREAKS">
            <column name="ID" type="varchar(255)">
                <constraints primaryKey="true" nullable="false"/>
            </column>
            <column name="NAME" type="varchar(255)">
                <constraints nullable="false"/>
            </column>
            <column name="NOTES" type="varchar(255)"/>
            <column name="VISIBLE" type="${boolean.type}">
                <constraints nullable="false"/>
            </column>
        </createTable>
    </changeSet>

    <changeSet author="Chromis POS" id="Insert into BREAKS Table" dbms="oracle">
        <preConditions onFail="MARK_RAN">
            <sqlCheck expectedResult="0">SELECT COUNT(1) FROM BREAKS </sqlCheck>
        </preConditions>

        <insert tableName="BREAKS">
            <column name="ID" value="0"/>
            <column name="NAME" value="Lunch Break"/>
            <column name="VISIBLE" valueNumeric="1"/>
        </insert>

        <insert tableName="BREAKS">
            <column name="ID" value="1"/>
            <column name="NAME" value="Tea Break"/>
            <column name="VISIBLE" valueNumeric="1"/>
        </insert>

        <insert tableName="BREAKS">
            <column name="ID" value="2"/>
            <column name="NAME" value="MID Break"/>
            <column name="VISIBLE" valueNumeric="1"/>
        </insert>
    </changeSet>

    <changeSet author="Chromis POS" id="Insert into BREAKS Table" dbms="mysql, derby, postgresql, hypersql, hsqldb">
        <preConditions onFail="MARK_RAN">
            <sqlCheck expectedResult="0">SELECT COUNT(1) FROM BREAKS </sqlCheck>
        </preConditions>

        <insert tableName="BREAKS">
            <column name="ID" value="0"/>
            <column name="NAME" value="Lunch Break"/>
            <column name="VISIBLE" valueBoolean="true"/>
        </insert>

        <insert tableName="BREAKS">
            <column name="ID" value="1"/>
            <column name="NAME" value="Tea Break"/>
            <column name="VISIBLE" valueBoolean="true"/>
        </insert>

        <insert tableName="BREAKS">
            <column name="ID" value="2"/>
            <column name="NAME" value="MID Break"/>
            <column name="VISIBLE" valueBoolean="true"/>
        </insert>
    </changeSet>

    <changeSet author="Chromis POS" id="Create SHIFT_BREAKS Table">
        <preConditions onFail="MARK_RAN">
            <not>
                <tableExists tableName="SHIFT_BREAKS"/>
            </not>
        </preConditions>

        <createTable tableName="SHIFT_BREAKS">
            <column name="ID" type="varchar(255)">
                <constraints primaryKey="true" nullable="false"/>
            </column>
            <column name="SHIFTID" type="varchar(255)">
                <constraints nullable="false"/>
            </column>
            <column name="BREAKID" type="varchar(255)">
                <constraints nullable="false"/>
            </column>
            <column name="STARTTIME" type="timestamp">
                <constraints nullable="false"/>
            </column>
            <column name="ENDTIME" type="timestamp"/>
        </createTable>

        <insert tableName="SHIFT_BREAKS">
            <column name="ID" value="0"/>
            <column name="SHIFTID" value="0"/>
            <column name="BREAKID" value="0"/>
            <column name="STARTTIME" valueDate="2013-09-01 00:00:00.003"/>
            <column name="ENDTIME" valueDate="2013-09-01 00:00:00.004"/>
        </insert>
    </changeSet>

    <changeSet author="Chromis POS" id="Create Moorers Table">
        <preConditions onFail="MARK_RAN">
            <not>
                <tableExists tableName="MOORERS"/>
            </not>
        </preConditions>

        <createTable tableName="MOORERS">
            <column name="VESSELNAME" type="varchar(255)"/>
            <column name="SIZE" type="int"/>
            <column name="DAYS" type="int"/>
            <column name="POWER" type="${boolean.type}" defaultValueBoolean="false">
                <constraints nullable="false"/>
            </column>
        </createTable>
    </changeSet>

    <changeSet author="Chromis POS" id="Create CSVImport Table">
        <preConditions onFail="MARK_RAN">
            <not>
                <tableExists tableName="CSVIMPORT"/>
            </not>
        </preConditions>
        
        <createTable tableName="CSVIMPORT">
            <column name="ID" type="varchar(255)">
                <constraints primaryKey="true" nullable="false"/>
            </column>
            <column name="ROWNUMBER" type="varchar(255)"/>
            <column name="CSVERROR" type="varchar(255)"/>
            <column name="REFERENCE" type="varchar(255)"/>
            <column name="CODE" type="varchar(255)"/>
            <column name="NAME" type="varchar(255)"/>
            <column name="PRICEBUY" type="double precision"/>
            <column name="PRICESELL" type="double precision"/>
            <column name="PREVIOUSBUY" type="double precision"/>
            <column name="PREVIOUSSELL" type="double precision"/>
            <column name="CATEGORY" type="varchar(255)"></column>
        </createTable>
    </changeSet>

    <changeSet author="Chromis POS" id="Create Draweropened Table">
        <preConditions onFail="MARK_RAN">
            <not>
                <tableExists tableName="DRAWEROPENED"/>
            </not>
        </preConditions>

        <createTable tableName="DRAWEROPENED">
            <column name="OPENDATE" type="timestamp" defaultValueDate="CURRENT_TIMESTAMP"/>
            <column name="NAME" type="varchar(255)"/>
            <column name="TICKETID" type="varchar(255)"/>

        </createTable>
    </changeSet>

    <changeSet author="Chromis POS" id="Create TICKETSNUM Sequence" dbms="postgresql, hypersql, hsqldb">
        <preConditions onFail="MARK_RAN">
            <not>
                <sequenceExists sequenceName="TICKETSNUM"/>
            </not>
        </preConditions>

        <sql>CREATE SEQUENCE TICKETSNUM START WITH 1</sql>
    </changeSet>

    <changeSet author="Chromis POS" id="Create TICKETSNUM Sequence REFUND" dbms="postgresql, hypersql, hsqldb">
        <preConditions onFail="MARK_RAN">
            <not>
                <sequenceExists sequenceName="TICKETSNUM_REFUND"/>
            </not>
        </preConditions>

        <sql>CREATE SEQUENCE TICKETSNUM_REFUND START WITH 1</sql>
    </changeSet>

    <changeSet author="Chromis POS" id="Create TICKETSNUM PAYMENT Sequence" dbms="postgresql, hypersql, hsqldb">
        <preConditions onFail="MARK_RAN">
            <not>
                <sequenceExists sequenceName="TICKETSNUM_PAYMENT"/>
            </not>
        </preConditions>

        <sql>CREATE SEQUENCE TICKETSNUM_PAYMENT START WITH 1</sql>
    </changeSet>

    <changeSet author="Chromis POS" id="Create pickupnumber Sequence" dbms="postgresql, hypersql, hsqldb">
        <preConditions onFail="MARK_RAN">
            <not>
                <sequenceExists sequenceName="PICKUP_NUMBER"/>
            </not>
        </preConditions>

        <sql>CREATE SEQUENCE PICKUP_NUMBER START WITH 1</sql>
    </changeSet>

    <changeSet author="Chromis POS" id="Create TICKETSNUM Sequence" dbms="derby">
        <preConditions onFail="MARK_RAN">
            <not>
                <tableExists tableName="TICKETSNUM"/>
            </not>
        </preConditions>

        <sql>CREATE TABLE TICKETSNUM (ID INTEGER GENERATED ALWAYS AS IDENTITY (START WITH 1));
            INSERT INTO TICKETSNUM VALUES (DEFAULT)</sql>
    </changeSet>

    <changeSet author="Chromis POS" id="Create TICKETSNUM Sequence REFUND" dbms="derby">
        <preConditions onFail="MARK_RAN">
            <not>
                <tableExists tableName="TICKETSNUM_REFUND"/>
            </not>
        </preConditions>

        <sql>CREATE TABLE TICKETSNUM_REFUND (ID INTEGER GENERATED ALWAYS AS IDENTITY (START WITH 1));
            INSERT INTO TICKETSNUM_REFUND VALUES (DEFAULT)</sql>
    </changeSet>

    <changeSet author="Chromis POS" id="Create TICKETSNUM PAYMENT Sequence" dbms="derby">
        <preConditions onFail="MARK_RAN">
            <not>
                <tableExists tableName="TICKETSNUM_PAYMENT"/>
            </not>
        </preConditions>

        <sql>CREATE TABLE TICKETSNUM_PAYMENT (ID INTEGER GENERATED ALWAYS AS IDENTITY (START WITH 1));
            INSERT INTO TICKETSNUM_PAYMENT VALUES (DEFAULT)</sql>
    </changeSet>

    <changeSet author="Chromis POS" id="Create pickupnumber Sequence" dbms="derby">
        <preConditions onFail="MARK_RAN">
            <not>
                <tableExists tableName="PICKUP_NUMBER"/>
            </not>
        </preConditions>

        <sql>CREATE TABLE PICKUP_NUMBER (ID INTEGER GENERATED ALWAYS AS IDENTITY (START WITH 1));
            INSERT INTO PICKUP_NUMBER VALUES (DEFAULT)</sql>
    </changeSet>

    <changeSet author="Chromis POS" id="Create TICKETSNUM Sequence" dbms="oracle">
        <preConditions onFail="MARK_RAN">
            <not>
                <tableExists tableName="TICKETSNUM"/>
            </not>
        </preConditions>

        <sql>CREATE TABLE TICKETSNUM (ID INTEGER DEFAULT 0 NOT NULL);
            INSERT INTO TICKETSNUM VALUES(1)</sql>
    </changeSet>

    <changeSet author="Chromis POS" id="Create TICKETSNUM Sequence REFUND" dbms="oracle">
        <preConditions onFail="MARK_RAN">
            <not>
                <tableExists tableName="TICKETSNUM_REFUND"/>
            </not>
        </preConditions>

        <sql>CREATE TABLE TICKETSNUM_REFUND (ID INTEGER DEFAULT 0 NOT NULL);
            INSERT INTO TICKETSNUM_REFUND VALUES(1)</sql>
    </changeSet>

    <changeSet author="Chromis POS" id="Create TICKETSNUM PAYMENT Sequence" dbms="oracle">
        <preConditions onFail="MARK_RAN">
            <not>
                <tableExists tableName="TICKETSNUM_PAYMENT"/>
            </not>
        </preConditions>

        <sql>CREATE TABLE TICKETSNUM_PAYMENT (ID INTEGER DEFAULT 0 NOT NULL);
            INSERT INTO TICKETSNUM_PAYMENT VALUES(1)</sql>
    </changeSet>

    <changeSet author="Chromis POS" id="Create pickupnumber Sequence" dbms="oracle">
        <preConditions onFail="MARK_RAN">
            <not>
                <tableExists tableName="PICKUP_NUMBER"/>
            </not>
        </preConditions>

        <sql>CREATE TABLE PICKUP_NUMBER (ID INTEGER DEFAULT 0 NOT NULL);
            INSERT INTO PICKUP_NUMBER VALUES(1))</sql>
    </changeSet>

    <changeSet author="Chromis POS" id="Create TICKETSNUM Sequence" dbms="mysql">
        <preConditions onFail="MARK_RAN">
            <not>
                <tableExists tableName="TICKETSNUM"/>
            </not>
        </preConditions>

        <sql>CREATE TABLE TICKETSNUM (ID INTEGER DEFAULT 0 NOT NULL) ENGINE=InnoDB DEFAULT CHARSET=utf8;
            INSERT INTO TICKETSNUM VALUES(1)</sql>
    </changeSet>

    <changeSet author="Chromis POS" id="Create TICKETSNUM Sequence REFUND" dbms="mysql">
        <preConditions onFail="MARK_RAN">
            <not>
                <tableExists tableName="TICKETSNUM_REFUND"/>
            </not>
        </preConditions>

        <sql>CREATE TABLE TICKETSNUM_REFUND (ID INTEGER DEFAULT 0 NOT NULL) ENGINE=InnoDB DEFAULT CHARSET=utf8;
            INSERT INTO TICKETSNUM_REFUND VALUES(1)</sql>
    </changeSet>

    <changeSet author="Chromis POS" id="Create TICKETSNUM PAYMENT Sequence" dbms="mysql">
        <preConditions onFail="MARK_RAN">
            <not>
                <tableExists tableName="TICKETSNUM_PAYMENT"/>
            </not>
        </preConditions>

        <sql>CREATE TABLE TICKETSNUM_PAYMENT (ID INTEGER DEFAULT 0 NOT NULL) ENGINE=InnoDB DEFAULT CHARSET=utf8;
            INSERT INTO TICKETSNUM_PAYMENT VALUES(1)</sql>
    </changeSet>

    <changeSet author="Chromis POS" id="Create pickupnumber Sequence" dbms="mysql">
        <preConditions onFail="MARK_RAN">
            <not>
                <tableExists tableName="PICKUP_NUMBER"/>
            </not>
        </preConditions>

        <sql>CREATE TABLE PICKUP_NUMBER (ID INTEGER DEFAULT 0 NOT NULL) ENGINE=InnoDB DEFAULT CHARSET=utf8;
            INSERT INTO PICKUP_NUMBER VALUES(1)</sql>
    </changeSet>      
        
    <changeSet author="Chromis POS" id="Create Orders Table">
        <createTable tableName="ORDERS">
            <column name="ID" type="varchar(50)">
                <constraints primaryKey="true" nullable="false"/>
            </column>
            <column name="ORDERID" type="varchar(50)"/>                
            <column name="QTY" type="int"/>           
            <column name="DETAILS" type="varchar(255)"/>
            <column name="ATTRIBUTES" type="varchar(255)"/>
            <column name="NOTES" type="varchar(255)"/>
            <column name="TICKETID" type="varchar(255)"/>
            <column name="ORDERTIME" type="timestamp" defaultValueComputed="CURRENT_TIMESTAMP"/>
            <column name="DISPLAYID" type="int"/> 
            <column name="AUXILIARY" type="int"/>                                    
        </createTable>                         
    </changeSet>  
    
    <changeSet author="Chromis POS" id="derby10.10.20">    
    </changeSet>   
    
</databaseChangeLog>

