<?xml version="1.0" encoding="UTF-8"?>

<databaseChangeLog
    xmlns="http://www.liquibase.org/xml/ns/dbchangelog"
    xmlns:xsi="http://www.w3.org/2001/XMLSchema-instance"
    xmlns:ext="http://www.liquibase.org/xml/ns/dbchangelog-ext"
    xsi:schemaLocation="http://www.liquibase.org/xml/ns/dbchangelog http://www.liquibase.org/xml/ns/dbchangelog/dbchangelog-3.1.xsd
        http://www.liquibase.org/xml/ns/dbchangelog-ext http://www.liquibase.org/xml/ns/dbchangelog/dbchangelog-ext.xsd">




    <property name="boolean.type" value="boolean" dbms="derby, postgresql, hypersql, hsqldb"/>
    <property name="boolean.type" value="bit" dbms="mysql"/>
    <property name="boolean.type" value="numeric(1)" dbms="oracle"/>

    <property name="blob.type" value="blob" dbms="oracle, derby, hypersql, hsqldb"/>
    <property name="blob.type" value="bytea" dbms="postgresql"/>
    <property name="blob.type" value="mediumblob" dbms="mysql"/>


    <changeSet author="Chromis Pos" id="People Table FKs">

        <addForeignKeyConstraint baseColumnNames="ROLE"
                                 constraintName ="PEOPLE_FK_1"
                                 referencedColumnNames = "ID"
                                 baseTableName="PEOPLE"
                                 referencedTableName="ROLES"/>
    </changeSet>


    <changeSet author="Chromis Pos" id="Customers Table FKs">
        <addForeignKeyConstraint baseColumnNames="TAXCATEGORY"
                                 constraintName ="CUSTOMERS_TAXCAT"
                                 referencedColumnNames = "ID"
                                 baseTableName="CUSTOMERS"
                                 referencedTableName="TAXCUSTCATEGORIES"/>
    </changeSet>

    <changeSet author="Chromis Pos" id="Categories Table FKs">
        <addForeignKeyConstraint baseColumnNames="PARENTID"
                                 constraintName ="CATEGORIES_FK_1"
                                 referencedColumnNames = "ID"
                                 baseTableName="CATEGORIES"
                                 referencedTableName="CATEGORIES"/>
    </changeSet>

    <changeSet author="Chromis Pos" id="Taxes Table FKs">
        <addForeignKeyConstraint baseColumnNames="CATEGORY"
                                 constraintName ="TAXES_CAT_FK"
                                 referencedColumnNames = "ID"
                                 baseTableName="TAXES"
                                 referencedTableName="TAXCATEGORIES"/>

        <addForeignKeyConstraint baseColumnNames="CUSTCATEGORY"
                                 constraintName ="TAXES_CUSTCAT_FK"
                                 referencedColumnNames = "ID"
                                 baseTableName="TAXES"
                                 referencedTableName="TAXCUSTCATEGORIES"/>

        <addForeignKeyConstraint baseColumnNames="PARENTID"
                                 constraintName ="TAXES_TAXES_FK"
                                 referencedColumnNames = "ID"
                                 baseTableName="TAXES"
                                 referencedTableName="TAXES"/>
    </changeSet>

    <changeSet author="Chromis Pos" id="Attributevalue Table FKs">
        <addForeignKeyConstraint baseColumnNames="ATTRIBUTE_ID"
                                 constraintName ="ATTVAL_ATT"
                                 referencedColumnNames = "ID"
                                 baseTableName="ATTRIBUTEVALUE"
                                 onDelete="CASCADE"
                                 referencedTableName="ATTRIBUTE"/>
    </changeSet>

    <changeSet author="Chromis Pos" id="Attributeuse Table FKs">
        <addForeignKeyConstraint baseColumnNames="ATTRIBUTESET_ID"
                                 constraintName ="ATTUSE_SET"
                                 referencedColumnNames = "ID"
                                 baseTableName="ATTRIBUTEUSE"
                                 onDelete="CASCADE"
                                 referencedTableName="ATTRIBUTESET"/>

        <addForeignKeyConstraint baseColumnNames="ATTRIBUTE_ID"
                                 constraintName ="ATTUSE_ATT"
                                 referencedColumnNames = "ID"
                                 baseTableName="ATTRIBUTEUSE"
                                 referencedTableName="ATTRIBUTE"/>
    </changeSet>

    <changeSet author="Chromis Pos" id="Attributesetinstance Table FKs">
        <addForeignKeyConstraint baseColumnNames="ATTRIBUTESET_ID"
                                 constraintName ="ATTSETINST_SET"
                                 referencedColumnNames = "ID"
                                 baseTableName="ATTRIBUTESETINSTANCE"
                                 onDelete="CASCADE"
                                 referencedTableName="ATTRIBUTESET"/>
    </changeSet>

    <changeSet author="Chromis Pos" id="Attributeinstance Table FKs">
        <addForeignKeyConstraint baseColumnNames="ATTRIBUTESETINSTANCE_ID"
                                 constraintName ="ATTINST_SET"
                                 referencedColumnNames = "ID"
                                 baseTableName="ATTRIBUTEINSTANCE"
                                 onDelete="CASCADE"
                                 referencedTableName="ATTRIBUTESETINSTANCE"/>

        <addForeignKeyConstraint baseColumnNames="ATTRIBUTE_ID"
                                 constraintName ="ATTINST_ATT"
                                 referencedColumnNames = "ID"
                                 baseTableName="ATTRIBUTEINSTANCE"
                                 referencedTableName="ATTRIBUTE"/>
    </changeSet>

    <changeSet author="Chromis Pos" id="Products Table FKs">
        <addForeignKeyConstraint baseColumnNames="CATEGORY"
                                 constraintName ="PRODUCTS_FK_1"
                                 referencedColumnNames = "ID"
                                 baseTableName="PRODUCTS"
                                 referencedTableName="CATEGORIES"/>

        <addForeignKeyConstraint baseColumnNames="TAXCAT"
                                 constraintName ="PRODUCTS_TAXCAT_FK"
                                 referencedColumnNames = "ID"
                                 baseTableName="PRODUCTS"
                                 referencedTableName="TAXCATEGORIES"/>

        <addForeignKeyConstraint baseColumnNames="ATTRIBUTESET_ID"
                                 constraintName ="PRODUCTS_ATTRSET_FK"
                                 referencedColumnNames = "ID"
                                 baseTableName="PRODUCTS"
                                 referencedTableName="ATTRIBUTESET"/>
    </changeSet>

    <changeSet author="Chromis Pos" id="Products_cat Table FKs">
        <addForeignKeyConstraint baseColumnNames="PRODUCT"
                                 constraintName ="PRODUCTS_CAT_FK_1"
                                 referencedColumnNames = "ID"
                                 baseTableName="PRODUCTS_CAT"
                                 referencedTableName="PRODUCTS"/>
    </changeSet>

    <changeSet author="Chromis Pos" id="Products_com Table FKs">
        <addForeignKeyConstraint baseColumnNames="PRODUCT"
                                 constraintName ="PRODUCTS_COM_FK_1"
                                 referencedColumnNames = "ID"
                                 baseTableName="PRODUCTS_COM"
                                 referencedTableName="PRODUCTS"/>

        <addForeignKeyConstraint baseColumnNames="PRODUCT2"
                                 constraintName ="PRODUCTS_COM_FK_2"
                                 referencedColumnNames = "ID"
                                 baseTableName="PRODUCTS_COM"
                                 referencedTableName="PRODUCTS"/>
    </changeSet>

    <changeSet author="Chromis Pos" id="Stock level Table FKs">
        <addForeignKeyConstraint baseColumnNames="PRODUCT"
                                 constraintName ="STOCKLEVEL_PRODUCT"
                                 referencedColumnNames = "ID"
                                 baseTableName="STOCKLEVEL"
                                 referencedTableName="PRODUCTS"/>

        <addForeignKeyConstraint baseColumnNames="LOCATION"
                                 constraintName ="STOCKLEVEL_LOCATION"
                                 referencedColumnNames = "ID"
                                 baseTableName="STOCKLEVEL"
                                 referencedTableName="LOCATIONS"/>
    </changeSet>

    <changeSet author="Chromis Pos" id="Receipts Table FKs">
        <addForeignKeyConstraint baseColumnNames="MONEY"
                                 constraintName ="RECEIPTS_FK_MONEY"
                                 referencedColumnNames = "MONEY"
                                 baseTableName="RECEIPTS"
                                 referencedTableName="CLOSEDCASH"/>
    </changeSet>

    <changeSet author="Chromis Pos" id="TICKETS Table FKs">    
        <addForeignKeyConstraint baseColumnNames="ID"
                                 constraintName ="TICKETS_FK_ID"
                                 referencedColumnNames = "ID"
                                 baseTableName="TICKETS"
                                 referencedTableName="RECEIPTS"/>

        <addForeignKeyConstraint baseColumnNames="PERSON"
                                 constraintName ="TICKETS_FK_2"
                                 referencedColumnNames = "ID"
                                 baseTableName="TICKETS"
                                 referencedTableName="PEOPLE"/>

        <addForeignKeyConstraint baseColumnNames="CUSTOMER"
                                 constraintName ="TICKETS_CUSTOMERS_FK"
                                 referencedColumnNames = "ID"
                                 baseTableName="TICKETS"
                                 referencedTableName="CUSTOMERS"/>
    </changeSet>

    <changeSet author="Chromis Pos" id="TICKETLINES Table FKs">        
        <addForeignKeyConstraint baseColumnNames="TICKET"
                                 constraintName ="TICKETLINES_FK_TICKET"
                                 referencedColumnNames = "ID"
                                 baseTableName="TICKETLINES"
                                 referencedTableName="TICKETS"/>

        <addForeignKeyConstraint baseColumnNames="PRODUCT"
                                 constraintName ="TICKETLINES_FK_2"
                                 referencedColumnNames = "ID"
                                 baseTableName="TICKETLINES"
                                 referencedTableName="PRODUCTS"/>

        <addForeignKeyConstraint baseColumnNames="ATTRIBUTESETINSTANCE_ID"
                                 constraintName ="TICKETLINES_ATTSETINST"
                                 referencedColumnNames = "ID"
                                 baseTableName="TICKETLINES"
                                 referencedTableName="ATTRIBUTESETINSTANCE"/>

        <addForeignKeyConstraint baseColumnNames="TAXID"
                                 constraintName ="TICKETLINES_FK_3"
                                 referencedColumnNames = "ID"
                                 baseTableName="TICKETLINES"
                                 referencedTableName="TAXES"/>
    </changeSet>    

    <changeSet author="Chromis Pos" id="PAYMENTS Table FKs">
        <addForeignKeyConstraint baseColumnNames="RECEIPT"
                                 constraintName ="PAYMENTS_FK_RECEIPT"
                                 referencedColumnNames = "ID"
                                 baseTableName="PAYMENTS"
                                 referencedTableName="RECEIPTS"/>
    </changeSet>

    <changeSet author="Chromis Pos" id="TAXLINES Table FKs">
        <addForeignKeyConstraint baseColumnNames="TAXID"
                                 constraintName ="TAXLINES_TAX"
                                 referencedColumnNames = "ID"
                                 baseTableName="TAXLINES"
                                 referencedTableName="TAXES"/>

        <addForeignKeyConstraint baseColumnNames="RECEIPT"
                                 constraintName ="TAXLINES_RECEIPT"
                                 referencedColumnNames = "ID"
                                 baseTableName="TAXLINES"
                                 referencedTableName="RECEIPTS"/>
    </changeSet>


    <changeSet author="Chromis Pos" id="Places Table FKs">
        <addForeignKeyConstraint baseColumnNames="FLOOR"
                                 constraintName ="PLACES_FK_1"
                                 referencedColumnNames = "ID"
                                 baseTableName="PLACES"
                                 referencedTableName="FLOORS"/>
    </changeSet>

    <changeSet author="Chromis Pos" id="reservation_CUSTOMERS Table FKs">
        <addForeignKeyConstraint baseColumnNames="ID"
                                 constraintName ="RES_CUST_FK_1"
                                 referencedColumnNames = "ID"
                                 baseTableName="RESERVATION_CUSTOMERS"
                                 referencedTableName="reservations"/>

        <addForeignKeyConstraint baseColumnNames="CUSTOMER"
                                 constraintName ="RES_CUST_FK_2"
                                 referencedColumnNames = "ID"
                                 baseTableName="RESERVATION_CUSTOMERS"
                                 referencedTableName="CUSTOMERS"/>
    </changeSet>
    <changeSet author="Chromis Pos" id="LEAVES Table FKs">
        <addForeignKeyConstraint baseColumnNames="PPLID"
                          constraintName ="LEAVES_PPLID"
                          referencedColumnNames = "ID"
                          baseTableName="LEAVES"
                          referencedTableName="PEOPLE"/>
    </changeSet>
    
    <changeSet author="Chromis Pos" id="Stock current Table FKs">
        <addForeignKeyConstraint baseColumnNames="PRODUCT"
                                 constraintName ="STOCKCURRENT_FK_1"
                                 referencedColumnNames = "ID"
                                 baseTableName="STOCKCURRENT"
                                 referencedTableName="PRODUCTS"/>

        <addForeignKeyConstraint baseColumnNames="ATTRIBUTESETINSTANCE_ID"
                                 constraintName ="STOCKCURRENT_ATTSETINST"
                                 referencedColumnNames = "ID"
                                 baseTableName="STOCKCURRENT"
                                 referencedTableName="ATTRIBUTESETINSTANCE"/>

        <addForeignKeyConstraint baseColumnNames="LOCATION"
                                 constraintName ="STOCKCURRENT_FK_2"
                                 referencedColumnNames = "ID"
                                 baseTableName="STOCKCURRENT"
                                 referencedTableName="LOCATIONS"/>
    </changeSet>

    <changeSet author="Chromis Pos" id="Stock diary Table FKs">
        <addForeignKeyConstraint baseColumnNames="PRODUCT"
                                 constraintName ="STOCKDIARY_FK_1"
                                 referencedColumnNames = "ID"
                                 baseTableName="STOCKDIARY"
                                 referencedTableName="PRODUCTS"/>

        <addForeignKeyConstraint baseColumnNames="ATTRIBUTESETINSTANCE_ID"
                                 constraintName ="STOCKDIARY_ATTSETINST"
                                 referencedColumnNames = "ID"
                                 baseTableName="STOCKDIARY"
                                 referencedTableName="ATTRIBUTESETINSTANCE"/>

        <addForeignKeyConstraint baseColumnNames="LOCATION"
                                 constraintName ="STOCKDIARY_FK_2"
                                 referencedColumnNames = "ID"
                                 baseTableName="STOCKDIARY"
                                 referencedTableName="LOCATIONS"/>
    </changeSet>
    
</databaseChangeLog>

