<?xml version="1.0" encoding="UTF-8"?>

<databaseChangeLog
    xmlns="http://www.liquibase.org/xml/ns/dbchangelog"
    xmlns:xsi="http://www.w3.org/2001/XMLSchema-instance"
    xmlns:ext="http://www.liquibase.org/xml/ns/dbchangelog-ext"
    xsi:schemaLocation="http://www.liquibase.org/xml/ns/dbchangelog http://www.liquibase.org/xml/ns/dbchangelog/dbchangelog-3.1.xsd
        http://www.liquibase.org/xml/ns/dbchangelog-ext http://www.liquibase.org/xml/ns/dbchangelog/dbchangelog-ext.xsd">

    
    
    <property name="boolean.type" value="boolean" dbms="derby, postgresql, hypersql, hsqldb"/>
    <property name="boolean.type" value="bit" dbms="mysql"/>
    <property name="boolean.type" value="numeric(1)" dbms="oracle"/>

    <property name="blob.type" value="blob" dbms="oracle, derby, hypersql, hsqldb"/>
    <property name="blob.type" value="bytea" dbms="postgresql"/>
    <property name="blob.type" value="mediumblob" dbms="mysql"/> 
    
                                                                  
    <changeSet author="Chromis POS" id="Create Refunds Table">
        <preConditions onFail="MARK_RAN">
            <not>
                <tableExists tableName="REFUNDS"/>
            </not>
        </preConditions>

        <createTable tableName="REFUNDS">
            <column name="ID" type="varchar(35)">
                <constraints primaryKey="true" nullable="false"/>
            </column>
            <column name="TICKET" type="varchar(35)">
                <constraints nullable="false"/>
            </column>
            <column name="TICKETLINE" type="varchar(35)">
                <constraints nullable="false"/>
            </column> 
            <column name="PRICE" type="double">
                <constraints nullable="false"/>
            </column>
            <column name="QTY" type="int">
                <constraints nullable="false"/>
            </column>
            <column name="REFUNDDATE" type="timestamp" defaultValueDate="CURRENT_TIMESTAMP"/>            
        </createTable>

        <createIndex tableName="REFUNDS"
                     indexName="REFUNDS_NAME_INX"
                     unique="true">
            <column name="ID" type="varchar(255)"/>
        </createIndex>
    </changeSet>                                                                                                                             
     
    <changeSet author="Chromis Pos" id="New ticketlines colums for refund m" dbms="mysql, derby, oracle">
        <preConditions onFail="MARK_RAN">
            <not>
                <columnExists columnName="REFUNDID" tableName="TICKETLINES"/>
            </not>
        </preConditions> 
        
        <addColumn tableName="TICKETLINES">
            <column name="REFUNDID" type="varchar(35)" defaultValue="no"></column>  
            <column name="REFUNDED" type="${boolean.type}" defaultValueNumeric="0" >
                <constraints nullable="false"/>  
            </column>         
        </addColumn>      
    </changeSet>

    <changeSet author="Chromis Pos" id="New ticketlines colums for refund p" dbms="postgresql, hypersql, hsqldb">
        <preConditions onFail="MARK_RAN">
            <not>
                <columnExists columnName="REFUNDID" tableName="TICKETLINES"/>
            </not>
        </preConditions>  
        <addColumn tableName="TICKETLINES">
            <column name="REFUNDID" type="varchar(35)" defaultValue="no"></column>  
            <column name="REFUNDED" type="${boolean.type}" defaultValueNumeric="false" >
                <constraints nullable="false"/>  
            </column>         
        </addColumn>       
    </changeSet>                                                                                                                                                                                              
 
    <changeSet author="Chromis POS" id="update to v0.51.01">    
        <update tableName="APPLICATIONS">
            <column name="VERSION" value="0.51.01"/>          
        </update>               
    </changeSet>                                                                                                                                                                                                                                                                                                                                                                                     
                                                                                                                                                                                                                                                                                                                                                                                                                                                                                                                                                                                                                                                                                                                                                                      
     <changeSet author="Chromis POS" id="update to v0.6">    
        <update tableName="APPLICATIONS">
            <column name="VERSION" value="0.6"/>          
        </update>
        
        <addColumn tableName="PRODUCTS">
            <column name="ISPACK" type="${boolean.type}" defaultValueBoolean="false" >
                <constraints nullable="false"/>
            </column>
            <column name="PACKQUANTITY" type="double precision"/>
            <column name="PACKPRODUCT" type="varchar(255)"/>
        </addColumn>

        <addForeignKeyConstraint baseColumnNames="PACKPRODUCT"
                             constraintName ="PRODUCTS_PACKPRODUCT_FK"
                             referencedColumnNames = "ID"
                             baseTableName="PRODUCTS"
                             referencedTableName="PRODUCTS"/>
    
        <insert tableName="DBPERMISSIONS">		
           <column name="CLASSNAME" value="/uk/chromis/reports/inventoryreorder.bs"/>
           <column name="SECTION" value="##label.sectionstock"/>
           <column name="DISPLAYNAME" value="##label.displayname117"/>
           <column name="DESCRIPTION" value="##label.description117"/>
        </insert>
        
        <insert tableName="DBPERMISSIONS">		
            <column name="CLASSNAME" value="uk.chromis.pos.inventory.ProductPacksPanel"/>
            <column name="SECTION" value="##label.sectionstock"/>
            <column name="DISPLAYNAME" value="##label.displayname118"/>
            <column name="DESCRIPTION" value="##label.description118"/>
        </insert>		
         
    </changeSet>                                                                                                                                                                                                                                                                                                                        
</databaseChangeLog>

