<?xml version="1.0" encoding="UTF-8"?>

<databaseChangeLog
    xmlns="http://www.liquibase.org/xml/ns/dbchangelog"
    xmlns:xsi="http://www.w3.org/2001/XMLSchema-instance"
    xmlns:ext="http://www.liquibase.org/xml/ns/dbchangelog-ext"
    xsi:schemaLocation="http://www.liquibase.org/xml/ns/dbchangelog http://www.liquibase.org/xml/ns/dbchangelog/dbchangelog-3.1.xsd
        http://www.liquibase.org/xml/ns/dbchangelog-ext http://www.liquibase.org/xml/ns/dbchangelog/dbchangelog-ext.xsd">


    <property name="boolean.type" value="boolean" dbms="derby, postgresql, hypersql, hsqldb"/>
    <property name="boolean.type" value="bit" dbms="mysql"/>
    <property name="boolean.type" value="numeric(1)" dbms="oracle"/>

    <property name="blob.type" value="blob" dbms="oracle, derby, hypersql, hsqldb"/>
    <property name="blob.type" value="bytea" dbms="postgresql"/>
    <property name="blob.type" value="mediumblob" dbms="mysql"/>

    

    <changeSet author="Chromis POS" id="update to v0.20">    
        <update tableName="APPLICATIONS">
            <column name="VERSION" value="0.20"/>          
        </update>               
    </changeSet> 
  
    
    <changeSet author="Chromis POS" id="update to v0.30">    
        <update tableName="APPLICATIONS">
            <column name="VERSION" value="0.30"/>          
        </update>               
    </changeSet>  
    
    
    <changeSet author="Chromis POS" id="change Mysql tables to InnoDB (if required)" dbms="mysql">            
        <sql>ALTER TABLE APPLICATIONS ENGINE=InnoDB</sql>
        <sql>ALTER TABLE ATTRIBUTE ENGINE=InnoDB</sql>
        <sql>ALTER TABLE ATTRIBUTEINSTANCE ENGINE=InnoDB</sql>
        <sql>ALTER TABLE ATTRIBUTESET ENGINE=InnoDB</sql>
        <sql>ALTER TABLE ATTRIBUTESETINSTANCE ENGINE=InnoDB</sql>
        <sql>ALTER TABLE ATTRIBUTEUSE ENGINE=InnoDB</sql>
        <sql>ALTER TABLE ATTRIBUTEVALUE ENGINE=InnoDB</sql>
        <sql>ALTER TABLE BREAKS ENGINE=InnoDB</sql>
        <sql>ALTER TABLE CATEGORIES ENGINE=InnoDB</sql>
        <sql>ALTER TABLE CLOSEDCASH ENGINE=InnoDB</sql>
        <sql>ALTER TABLE CSVIMPORT ENGINE=InnoDB</sql>
        <sql>ALTER TABLE CUSTOMERS ENGINE=InnoDB</sql>
        <sql>ALTER TABLE DATABASECHANGELOG ENGINE=InnoDB</sql>
        <sql>ALTER TABLE DATABASECHANGELOGLOCK ENGINE=InnoDB</sql>
        <sql>ALTER TABLE DBPERMISSIONS ENGINE=InnoDB</sql>
        <sql>ALTER TABLE DRAWEROPENED ENGINE=InnoDB</sql>
        <sql>ALTER TABLE FLOORS ENGINE=InnoDB</sql>
        <sql>ALTER TABLE LEAVES ENGINE=InnoDB</sql>
        <sql>ALTER TABLE LINEREMOVED ENGINE=InnoDB</sql>
        <sql>ALTER TABLE LOCATIONS ENGINE=InnoDB</sql>
        <sql>ALTER TABLE MOORERS ENGINE=InnoDB</sql>
        <sql>ALTER TABLE PAYMENTS ENGINE=InnoDB</sql>
        <sql>ALTER TABLE PEOPLE ENGINE=InnoDB</sql>
        <sql>ALTER TABLE PICKUP_NUMBER ENGINE=InnoDB</sql>
        <sql>ALTER TABLE PLACES ENGINE=InnoDB</sql>
        <sql>ALTER TABLE PRODUCTS ENGINE=InnoDB</sql>
        <sql>ALTER TABLE PRODUCTS_CAT ENGINE=InnoDB</sql>
        <sql>ALTER TABLE PRODUCTS_COM ENGINE=InnoDB</sql>
        <sql>ALTER TABLE RECEIPTS ENGINE=InnoDB</sql>
        <sql>ALTER TABLE RESERVATION_CUSTOMERS	 ENGINE=InnoDB</sql>
        <sql>ALTER TABLE RESERVATIONS ENGINE=InnoDB</sql>
        <sql>ALTER TABLE RESOURCES ENGINE=InnoDB</sql>
        <sql>ALTER TABLE ROLES ENGINE=InnoDB</sql>
        <sql>ALTER TABLE SHAREDTICKETS ENGINE=InnoDB</sql>
        <sql>ALTER TABLE SHIFT_BREAKS ENGINE=InnoDB</sql>
        <sql>ALTER TABLE SHIFTS ENGINE=InnoDB</sql>
        <sql>ALTER TABLE STOCKCURRENT ENGINE=InnoDB</sql>
        <sql>ALTER TABLE STOCKDIARY ENGINE=InnoDB</sql>
        <sql>ALTER TABLE STOCKLEVEL ENGINE=InnoDB</sql>
        <sql>ALTER TABLE TAXCATEGORIES ENGINE=InnoDB</sql>
        <sql>ALTER TABLE TAXCUSTCATEGORIES ENGINE=InnoDB</sql>
        <sql>ALTER TABLE TAXES ENGINE=InnoDB</sql>
        <sql>ALTER TABLE TAXLINES ENGINE=InnoDB</sql>
        <sql>ALTER TABLE THIRDPARTIES ENGINE=InnoDB</sql>
        <sql>ALTER TABLE TICKETLINES ENGINE=InnoDB</sql>
        <sql>ALTER TABLE TICKETS ENGINE=InnoDB</sql>
        <sql>ALTER TABLE TICKETSNUM ENGINE=InnoDB</sql>
        <sql>ALTER TABLE TICKETSNUM_PAYMENT ENGINE=InnoDB</sql>
        <sql>ALTER TABLE TICKETSNUM_REFUND ENGINE=InnoDB</sql>      
    </changeSet>    
    
    <changeSet author="Chromis POS" id="update to v0.40">    
        <update tableName="APPLICATIONS">
            <column name="VERSION" value="0.40"/>          
        </update>               
    </changeSet> 
         
    <changeSet author="Chromis POS" id="update to to new menu for roles">    
        <update tableName="RESOURCES">
            <column name="CONTENT" valueBlobResource="/uk/chromis/pos/templates/Menu.Root.txt"/>  
            <where>NAME='Menu.Root'</where>      
        </update>               
    </changeSet>                          
    
    <changeSet author="Chromis POS" id="update to v0.51">    
        <update tableName="APPLICATIONS">
            <column name="VERSION" value="0.51"/>          
        </update>               
    </changeSet>   



    <changeSet author="Chromis POS" id="Create Orders Table">
        <preConditions onFail="MARK_RAN">
            <not>
                <tableExists tableName="ORDERS"/>
            </not>
        </preConditions>

        <createTable tableName="ORDERS">
            <column name="ID" type="varchar(50)">
                <constraints primaryKey="true" nullable="false"/>
            </column>
            <column name="ORDERID" type="varchar(50)"/>                
            <column name="QTY" type="int"/>           
            <column name="DETAILS" type="varchar(255)"/>
            <column name="ATTRIBUTES" type="varchar(255)"/>
            <column name="NOTES" type="varchar(255)"/>
            <column name="TICKETID" type="varchar(255)"/>
            <column name="ORDERTIME" type="timestamp" defaultValueComputed="CURRENT_TIMESTAMP"/>
            <column name="DISPLAYID" type="int"/>                                    
        </createTable>                         
    </changeSet>   
     
    <changeSet author="Chromis POS" id="Add Auxiliary Column to Orders Table">
        <preConditions onFail="MARK_RAN">
            <not>
                <columnExists columnName="AUXILIARY" tableName="ORDERS"/>
            </not>
        </preConditions>

        <addColumn tableName="ORDERS">
            <column name="AUXILIARY" type="int"/>                                                   
        </addColumn>                         
    </changeSet>

    <changeSet author="Chromis POS" id="update to v0.52">    
        <update tableName="APPLICATIONS">
            <column name="VERSION" value="0.52"/>          
        </update>               
    </changeSet>   
      
    <changeSet author="Chromis POS" id="update to v0.52-refactored">    
        <update tableName="APPLICATIONS">
            <column name="VERSION" value="0.52-refactored"/>          
        </update>               
    </changeSet>                                                                                                                                                                                                                                                                                                                                                                                                                                                                                                                                                                                                                                                                                                                                                                                                                                                                                                                                                                                                                                                                                                                                                                                                                                                                                                                                                                                                                                                                          
</databaseChangeLog>

